0.001982027,0
0.804714221,0
1.603085573,0
2.399465476,0
3.186894960,0
3.984008782,0
4.783590283,0
5.583052099,0
6.379217912,0
7.176681019,0
7.967241111,0
8.758911046,0
9.558267252,0
10.355799274,0
11.146146558,0
11.940997218,0
12.727665565,0
13.523510768,0
14.318544647,0
15.111788231,0
15.910276586,0
16.707994699,0
17.503375730,0
18.306785285,0
19.103245533,0
19.905604031,0
20.703652293,0
21.501364093,0
22.299020932,0
23.094661544,0
23.894417637,0
24.694229149,0
25.491564263,0
26.290172961,0
27.083693325,0
27.875304545,0
28.671112308,0
29.465384542,0
30.263734680,0
31.059228885,0
31.846843653,0
32.638093187,0
33.432041103,0
34.230032425,0
35.028767940,0
35.823073207,0
36.624391107,0
37.422502300,0
38.217894946,0
39.011317122,0
39.810939121,0
40.607443280,0
41.402403222,0
42.194101884,0
42.990980883,0
43.789770667,0
44.585369502,0
45.382814170,0
46.178296310,0
46.975583795,521
47.771205112,521
48.565069466,943
49.362021399,943
50.158745522,943
50.954205867,4812.8
51.751588420,4812.8
52.549785858,6451.2
53.349356565,6451.2
54.150100497,6451.2
54.942962500,1945.6
55.743317744,1945.6
56.542712938,1945.6
57.338328143,1945.6
58.136769700,1945.6
58.931670459,1228.8
59.729459747,1228.8
60.532761491,427
61.323048077,427
62.116594727,427
62.908109288,4608.0
63.704730968,4608.0
64.504088005,4608.0
65.303579819,6041.6
66.102108876,6041.6
66.903808003,4096.0
67.703613908,4096.0
68.505395077,4096.0
69.304871405,2560.0
70.102047096,2560.0
70.902141332,5017.6
71.699566351,5017.6
72.502319555,5017.6
73.299939612,5632.0
74.098168110,5632.0
74.899329319,5632.0
75.702071043,3993.6
76.500875396,3993.6
77.296583854,5222.4
78.092562460,5222.4
78.894968168,5222.4
79.690775736,3891.2
80.487382104,3891.2
81.290552394,0
82.089850544,0
82.889009126,0
83.706154007,0
84.499320423,0
85.298740410,1638.4
86.093848023,1638.4
86.890741329,1638.4
87.689588719,0
88.487688928,0
89.283538304,0
90.082716843,0
90.878777611,0
91.675909697,0
92.475576400,0
93.276834567,0
94.075333575,0
94.872260827,0
95.668403334,6451.2
96.469872112,6451.2
97.262563895,5632.0
98.062000238,5632.0
98.865349511,5632.0
99.670150022,2662.4
100.471417246,1024.0
101.272391288,1024.0
102.073254073,1024.0
102.872234042,3788.8
103.668187913,3788.8
104.467184071,3788.8
105.264956474,5529.6
106.060215371,5529.6
106.858793130,3276.8
107.653610969,3276.8
108.448674108,3276.8
109.250346752,1331.2
110.045106765,1331.2
110.840981528,1331.2
111.640362125,0
112.435547178,0
113.230780536,0
114.020329713,0
114.814461669,0
115.610631296,0
116.411203831,0
117.208779465,0
118.007227948,0
118.803787739,0
119.598595152,0
120.390583059,0
121.187257210,5734.4
121.982612883,5734.4
122.777797325,6553.6
123.574937311,6553.6
124.370049633,6553.6
125.168890554,6553.6
125.964542497,1843.2
126.759857002,1843.2
127.560030151,1126.4
128.361007960,1126.4
129.161647901,1126.4
129.961150467,4096.0
130.757275287,2150.4
131.555280358,2150.4
132.356599981,2150.4
133.146805688,4403.2
133.946028309,4403.2
134.741906095,5017.6
135.540564731,5017.6
136.341880132,5017.6
137.134385538,0
137.926984675,0
138.721888797,0
139.514575284,0
140.311563880,0
141.106978916,0
141.918496017,0
142.719206071,0
143.510547590,0
144.305035589,0
145.104521543,0
145.904490630,0
146.703737717,0
147.504123304,0
148.300594839,0
149.102702714,0
149.897031953,0
150.695140408,0
151.488543300,0
152.285407455,0
153.081084650,1331.2
153.878234811,1331.2
154.673556193,6758.4
155.474216255,6758.4
156.267078069,6758.4
157.068643789,6758.4
157.870789311,5427.2
158.672557770,5427.2
159.467832770,770
160.267096493,770
161.068432593,172
161.869191260,172
162.668629502,172
163.460231007,3379.2
164.262950046,3379.2
165.066931481,4403.2
165.867754012,4403.2
166.670211684,4403.2
167.475433268,3686.4
168.282873496,3686.4
169.089946155,708
169.892060302,708
170.688482729,708
171.492629750,0
172.292496197,0
173.090492128,0
173.896461539,0
174.697331598,0
175.503935784,0
176.311336097,0
177.112789698,0
177.913338672,0
178.720920834,0
179.523173246,562
180.324713556,562
181.127589399,1014
181.927302000,1014
182.726740883,1014
183.528111161,150
184.333282127,150
185.139029091,3993.6
185.942729110,3993.6
186.750535431,3993.6
187.555640701,4915.2
188.370566324,4915.2
189.168927456,2150.4
189.965218748,2150.4
190.766278943,2048.0
191.566178272,2048.0
192.358444348,2048.0
193.157311662,4300.8
193.952822802,4300.8
194.749731025,3174.4
195.542832628,3174.4
196.339011314,3174.4
197.136338138,2662.4
197.936393779,2662.4
198.730447740,2764.8
199.522247995,2764.8
200.317244954,2764.8
201.114067828,2764.8
201.910251597,2764.8
202.706045503,2048.0
203.503315890,2048.0
204.303861404,2048.0
205.096942895,2048.0
205.896536253,2048.0
206.693190840,2560.0
207.496656010,2560.0
208.295509036,2560.0
209.089780979,2150.4
209.885716285,2150.4
210.685461183,4505.6
211.477078824,4505.6
212.275067806,4505.6
213.073002977,6041.6
213.872800900,6041.6
214.675524712,3481.6
215.475014053,3481.6
216.276223504,3481.6
217.073655257,3276.8
217.865790088,3276.8
218.660803246,3174.4
219.459575512,3174.4
220.254173436,3174.4
221.050189258,2662.4
221.842943474,2662.4
222.646767903,1843.2
223.448484087,1843.2
224.242977467,1843.2
225.044199392,1843.2
225.840386938,3174.4
226.636930085,3174.4
227.437940356,1008
228.231288767,1008
229.033565804,787
229.832860250,787
230.628887839,787
231.428454636,2048.0
232.225905676,2048.0
233.017050019,2457.6
233.808360181,2457.6
234.603880700,2457.6
235.402994292,2457.6
236.196967203,2355.2
236.995400304,2764.8
237.790543699,2764.8
238.589051253,2764.8
239.381131201,3481.6
240.176309726,3481.6
240.966595323,2764.8
241.761838580,2764.8
242.562621808,2764.8
243.360804450,3584.0
244.156952087,3584.0
244.954148852,3584.0
245.753339013,2969.6
246.547196421,2969.6
247.341254138,1433.6
248.148824497,1433.6
248.950978806,2048.0
249.744753578,2048.0
250.544411893,2048.0
251.344873066,2048.0
252.142868588,1843.2
252.939015838,1843.2
253.738046332,1228.8
254.536608504,1228.8
255.337886402,1228.8
256.137073941,1740.8
256.934108367,1843.2
257.731519217,1843.2
258.532694400,1843.2
259.332690188,1228.8
260.132438282,1228.8
260.951325677,1228.8
261.755059212,1228.8
262.558261345,1228.8
263.359814975,562
264.155661600,562
264.955966512,562
265.759845255,332
266.560464871,332
267.364256947,939
268.162331957,939
268.964312638,1638.4
269.767046714,1638.4
270.563993759,1638.4
271.367282539,1945.6
272.169851108,1945.6
272.974553463,2150.4
273.778976099,2150.4
274.583860989,2150.4
275.413760601,2150.4
276.214277611,2048.0
277.015111830,3686.4
277.814211025,3686.4
278.616135264,3686.4
279.413626296,4608.0
280.212759016,4608.0
281.011897144,4608.0
281.809165601,2457.6
282.602926568,2457.6
283.404886333,2457.6
284.205180617,2150.4
285.004800943,2150.4
285.801985397,1536.0
286.596293564,1536.0
287.391345397,1536.0
288.191921156,1536.0
288.986821720,2150.4
289.781924544,2150.4
290.580711619,2150.4
291.413161182,2150.4
292.214141739,3481.6
293.011314545,3481.6
293.814065115,2662.4
294.615157092,2662.4
295.423880563,2662.4
296.223241481,2560.0
297.047962072,2560.0
297.856667284,3276.8
298.657895696,3276.8
299.466853207,3276.8
300.263698259,5120.0
301.065589700,5120.0
301.867327394,5222.4
302.670734745,5222.4
303.472812837,5222.4
304.276866499,4915.2
305.078715541,4915.2
305.878778066,3891.2
306.681970182,3891.2
307.489597711,3891.2
308.295399051,3788.8
309.092871699,3788.8
309.899483062,4505.6
310.707989298,4505.6
311.516716066,4505.6
312.328851156,3379.2
313.130796058,3379.2
313.937352825,3174.4
314.744570787,3174.4
315.545054851,3174.4
316.349336779,2355.2
317.152158876,2355.2
317.953494583,2252.8
318.755095895,2252.8
319.555844918,2252.8
320.362455396,4096.0
321.165138031,4096.0
321.967286018,5529.6
322.770772552,4300.8
323.576642953,4300.8
324.379891327,4300.8
325.184446279,4300.8
325.987973657,3379.2
326.791388796,4608.0
327.598847283,4608.0
328.399330928,4608.0
329.199953451,4608.0
330.003566890,4608.0
330.805032653,3788.8
331.613729373,3788.8
332.417103989,3788.8
333.223886674,3993.6
334.026513931,3993.6
334.828037801,3993.6
335.630671344,4403.2
336.435010199,4403.2
337.235231040,4403.2
338.037571648,3072.0
338.838786625,3072.0
339.647046537,2764.8
340.452420668,2764.8
341.254973537,2764.8
342.056382893,2969.6
342.860725144,4096.0
343.662688281,4096.0
344.470051029,4096.0
345.276259305,4096.0
346.081404645,6246.4
346.885588808,5017.6
347.689266290,5017.6
348.493907681,5017.6
349.296384164,2560.0
350.103710083,2560.0
350.908533744,2969.6
351.711775991,2969.6
352.518492781,2969.6
353.319719733,3584.0
354.120901120,3584.0
354.919650240,3584.0
355.723530540,3584.0
356.527226571,3584.0
357.330786627,3584.0
358.132077555,2867.2
358.939824123,3072.0
359.744420863,3072.0
360.542648149,3072.0
361.351315192,3993.6
362.155442978,3993.6
362.958744087,3174.4
363.765075406,3174.4
364.567666830,3174.4
365.369806549,3174.4
366.175404240,2355.2
366.975143510,2457.6
367.780702979,2457.6
368.587870159,2457.6
369.391696575,3072.0
370.193337869,3072.0
370.996635582,2867.2
371.806524912,2867.2
372.613521350,2867.2
373.418566041,2150.4
374.226679446,2150.4
375.031139939,2150.4
375.835048796,3174.4
376.638317789,3174.4
377.443806829,1536.0
378.250613124,1536.0
379.057369423,3584.0
379.859111229,3584.0
380.668281150,3584.0
381.476066585,7372.8
382.278946858,7372.8
383.081653089,5324.8
383.886419862,5324.8
384.691712389,5324.8
385.498393577,5324.8
386.300075161,3686.4
387.107299686,3686.4
387.912358836,5017.6
388.717553121,5017.6
389.521000002,5632.0
390.326745479,5632.0
391.127123444,5632.0
391.932905716,5427.2
392.734898876,5427.2
393.539067436,5427.2
394.342165126,4403.2
395.155585612,4403.2
395.957733110,5222.4
396.763760876,5222.4
397.569426794,5222.4
398.376651795,4096.0
399.174910904,4096.0
399.979906045,3993.6
400.786309912,3993.6
401.590935958,3993.6
402.398004370,2560.0
403.198429481,2560.0
404.005340451,2150.4
404.807441272,2150.4
405.611241940,2150.4
406.412198800,3993.6
407.217631547,3993.6
408.018546722,4300.8
408.823313882,4300.8
409.630751872,4300.8
410.435011996,3379.2
411.242846822,3379.2
412.042041101,3891.2
412.851457086,3891.2
413.659443329,3891.2
414.468721618,4812.8
415.274977026,4812.8
416.092230423,5120.0
416.889001423,5120.0
417.689274490,5120.0
418.492335640,5427.2
419.288114547,5427.2
420.089040126,4812.8
420.882092088,4812.8
421.676620845,4812.8
422.480447576,4198.4
423.274598463,4198.4
424.066498688,4096.0
424.862054225,4096.0
425.656221739,4096.0
426.454213035,3276.8
427.248879939,3276.8
428.046852974,4710.4
428.842670980,4710.4
429.641756424,4710.4
430.442283986,4812.8
431.240213373,4812.8
432.034581766,5529.6
432.829494285,5529.6
433.627229281,5529.6
434.416105281,5632.0
435.216982844,5632.0
436.014012158,4505.6
436.809949950,4505.6
437.604197583,4505.6
438.402672194,3993.6
439.200891378,3993.6
439.996959960,1843.2
440.794029134,1843.2
441.591819119,1843.2
442.385133096,2867.2
443.179129402,2867.2
443.980022287,4403.2
444.775456499,4403.2
445.571158413,4403.2
446.365433029,3174.4
447.163270252,3174.4
447.959029011,4608.0
448.757808029,4608.0
449.557165518,5939.2
450.352616969,5939.2
451.148191178,5939.2
451.944169819,4505.6
452.739823600,4505.6
453.537241127,4505.6
454.332545295,3276.8
455.129771450,3276.8
455.929229710,4812.8
456.719779159,4812.8
457.516441500,4812.8
458.314362382,5529.6
459.109315313,5529.6
459.906462818,4505.6
460.702951969,4505.6
461.499240635,5632.0
462.299050482,5632.0
463.097098592,4710.4
463.892805932,4710.4
464.686974307,4710.4
465.482296765,4710.4
466.279649406,3481.6
467.074138595,2560.0
467.868666290,2560.0
468.669865896,2560.0
469.465322088,2662.4
470.260751687,2662.4
471.061671335,2662.4
471.860453387,2662.4
472.661300876,2662.4
473.456596718,2662.4
474.256813081,1021
475.055198318,1021
475.849098607,3174.4
476.644909020,3174.4
477.442842040,4505.6
478.236572569,4505.6
479.032840873,2867.2
479.829979351,2867.2
480.628902404,2867.2
481.426542681,2867.2
482.223920544,2867.2
483.022513585,2560.0
483.813902183,2560.0
484.612791212,2560.0
485.422067567,2560.0
486.218781250,3276.8
487.017028546,2355.2
487.804343691,2355.2
488.603113785,2355.2
489.401004364,2457.6
490.197353597,2457.6
491.012090039,3891.2
491.814882644,3891.2
492.618431707,3891.2
493.422192171,3993.6
494.226236109,3993.6
495.031359426,3993.6
495.836478329,4403.2
496.638932877,4403.2
497.444488922,4403.2
498.244348616,3481.6
499.049868844,3481.6
499.855517258,2764.8
500.657119695,2764.8
501.463004244,2764.8
502.267941643,4096.0
503.073151669,4096.0
503.879019296,3993.6
504.686782139,3993.6
505.491085127,3993.6
506.297657951,3686.4
507.103595554,3686.4
507.906423257,2355.2
508.711368654,2355.2
509.518817150,2355.2
510.319894393,991
511.115243819,991
511.917621624,1536.0
512.722708110,1536.0
513.526650011,1536.0
514.331523407,2150.4
515.138532794,2150.4
515.940739149,1536.0
516.745185243,1536.0
517.543946082,1536.0
518.350943549,1016
519.151204419,1016
519.953783797,1228.8
520.755754624,1228.8
521.559418683,1228.8
522.362030620,1228.8
523.167636909,1228.8
523.976374887,1126.4
524.782715293,1126.4
525.584169838,1126.4
526.383322022,1843.2
527.187746524,1843.2
527.995091657,4403.2
528.795434325,4403.2
529.598888596,4403.2
530.396196055,5836.8
531.197844860,5836.8
532.002734240,3072.0
532.804030742,3072.0
533.607617576,3072.0
534.412799229,1536.0
535.215529657,1536.0
536.019157309,2457.6
536.822468392,2457.6
537.623153489,2457.6
538.424230263,6656.0
539.228522553,6656.0
540.031537666,6963.2
540.836507107,6963.2
541.637999698,6963.2
542.435229220,3891.2
543.233967114,3891.2
544.038725253,2560.0
544.841169118,2560.0
545.647717215,2560.0
546.451551322,2560.0
547.255462537,2560.0
548.055232853,4608.0
548.863311023,4608.0
549.665568399,4608.0
550.468332528,3276.8
551.268409475,3276.8
552.071154392,3072.0
552.873319682,3072.0
553.676690310,3072.0
554.481503255,4608.0
555.286293288,4608.0
556.083989535,2969.6
556.885315345,2969.6
557.692804503,2969.6
558.491977847,2457.6
559.305413124,2457.6
560.116019068,3379.2
560.931591842,3379.2
561.737153867,3379.2
562.540164327,2969.6
563.344411614,2969.6
564.150492199,3481.6
564.951216541,3481.6
565.759189629,3481.6
566.566565345,4915.2
567.371179378,4915.2
568.174725069,5529.6
568.979199091,5529.6
569.783504485,5529.6
570.587139410,4915.2
571.389460876,4915.2
572.195284635,3276.8
573.004450373,3276.8
573.807309138,5222.4
574.612169883,5222.4
575.415204090,5222.4
576.221416648,5324.8
577.026992787,5324.8
577.827089431,5734.4
578.635320851,5734.4
579.441751508,5734.4
580.252528709,3072.0
581.055879910,3072.0
581.861118293,2662.4
582.667170860,2662.4
583.472603484,1126.4
584.276403296,1126.4
585.079942893,1126.4
585.882946399,753
586.687610762,753
587.491559520,753
588.295001281,0
589.095577659,0
589.897365377,0
590.697788900,0
591.503716992,331
592.303245841,331
593.102758791,304
593.904684880,304
594.704158581,304
595.506169494,304
596.307299408,368
597.109482782,772
597.908222648,772
598.708065406,772
599.514453315,597
600.319666198,597
601.123079462,638
601.924457146,638
602.729559094,638
603.534065615,489
604.336398115,489
605.135763431,489
605.938431010,0
606.737948176,0
607.540270302,0
608.346891221,0
609.149544869,0
609.956307179,0
610.755661444,0
611.557782416,0
612.360568671,0
613.166125392,0
613.968947748,0
614.769297769,0
615.569918323,0
616.371782517,739
617.173675948,209
617.983189129,209
618.782776851,209
619.583522479,769
620.387452828,769
621.188702085,769
621.990684332,819
622.789268598,819
623.593978048,1945.6
624.400425186,1945.6
625.207208039,1945.6
626.010570943,1638.4
626.821838795,1638.4
627.622975128,1024.0
628.431390695,1024.0
629.239797886,2150.4
630.042260057,2150.4
630.845538967,2150.4
631.650101774,1536.0
632.454758740,1536.0
633.261347399,1536.0
634.064247007,1536.0
634.870118419,1536.0
635.671712415,1536.0
636.474730089,821
637.281029655,1331.2
638.082357519,1331.2
638.885970934,1331.2
639.691706086,2867.2
640.494319882,2867.2
641.294905710,2867.2
642.100138492,2560.0
642.903718493,2560.0
643.706277977,2355.2
644.508204213,2355.2
645.310371657,2355.2
646.115652266,1945.6
646.918750479,1945.6
647.725231465,1740.8
648.524566774,1740.8
649.327897972,1843.2
650.135473366,1843.2
650.939974331,1843.2
651.743124425,1740.8
652.546173801,1740.8
653.348252300,1228.8
654.152169479,1228.8
654.947056946,1228.8
655.750712549,1433.6
656.557616191,1433.6
657.361399460,1433.6
658.166679264,1024.0
658.968492543,1024.0
659.769592986,597
660.570645958,597
661.370567017,965
662.172742691,965
662.974154132,965
663.769483232,604
664.572510991,604
665.375534134,604
666.175073711,150
666.977167458,150
667.774814579,0
668.576574534,0
669.377656479,0
670.176522623,0
670.974527669,0
671.778475602,579
672.583274587,579
673.379924703,579
674.176543920,474
674.980718728,474
675.784208900,1024.0
676.589622594,1024.0
677.395485094,1024.0
678.200160754,1228.8
679.004867049,1228.8
679.807009833,1126.4
680.611326259,1126.4
681.411295055,1126.4
682.214618165,146
683.016919111,146
683.815657128,15
684.617584725,15
685.424697372,15
686.228134940,323
687.025725564,323
687.828472761,289
688.631615571,289
689.432115662,289
690.234042116,715
691.034528056,715
691.843833348,989
692.647686671,989
693.447413059,989
694.250252796,1024.0
695.055226601,1024.0
695.856513278,1126.4
696.661118178,1126.4
697.463658354,1126.4
698.269418365,1228.8
699.076727448,1228.8
699.879347781,904
700.680406972,904
701.485248965,904
702.284936412,897
703.085827279,897
703.886729442,0
704.686412819,0
705.485666691,0
706.284450134,35
707.088734524,35
707.890650575,189
708.691960319,189
709.492448194,189
710.292374318,208
711.091262078,208
711.888769205,235
712.688529041,235
713.493184241,235
714.297374751,230
715.101238611,230
715.904559851,455
716.706909531,455
717.511629133,455
718.313779000,522
719.113397912,522
719.914324228,465
720.720221979,465
721.525139967,465
722.330679537,529
723.133138513,529
723.936638129,404
724.741008556,404
725.539923360,404
726.342231804,427
727.145749509,427
727.946488907,356
728.751069088,356
729.553306545,356
730.356002168,433
731.159557760,433
731.957519630,0
732.762643964,0
733.562756052,0
734.365540427,65
735.168009181,65
735.969438064,157
736.767603696,157
737.567874679,157
738.365425710,779
739.161317331,779
739.964657209,779
740.763897986,947
741.567180302,947
742.367634141,856
743.167251444,856
743.971930807,856
744.775660188,681
745.576760684,681
746.379588041,654
747.186853898,654
747.992212827,654
748.793103766,1024.0
749.602773348,1024.0
750.407254300,1024.0
751.212788838,1024.0
752.023893255,661
752.829597450,661
753.629853964,661
754.430674317,1228.8
755.234265772,1228.8
756.038626565,1228.8
756.837018272,1228.8
757.641607563,1228.8
758.445777934,1433.6
759.252753854,1433.6
760.058678483,3276.8
760.861853245,3276.8
761.665530462,3276.8
762.470329120,3072.0
763.280669802,3072.0
764.079748718,1638.4
764.880530555,1638.4
765.686040483,1638.4
766.486472114,2867.2
767.293373040,2867.2
768.099670617,2764.8
768.919122101,2764.8
769.731209067,2764.8
770.538319860,2048.0
771.342796248,2048.0
772.147500009,2150.4
772.953850496,2150.4
773.760554201,2150.4
774.562784651,2150.4
775.367068160,2150.4
776.171339067,2355.2
776.973276776,2355.2
777.776431580,2355.2
778.582550666,2355.2
779.387397734,2355.2
780.193335306,1433.6
780.998594326,1433.6
781.803405993,1638.4
782.608364880,1638.4
783.413783828,1638.4
784.225431769,1740.8
785.029020015,1740.8
785.830802960,2560.0
786.636015557,2560.0
787.439247234,2560.0
788.246984962,4608.0
789.055558413,4608.0
789.860979617,4300.8
790.665528222,4300.8
791.473455546,4300.8
792.279896895,848
793.083806910,848
793.884935527,75
794.685928351,75
795.492480856,75
796.292436013,1331.2
797.094973513,1331.2
797.902388956,1638.4
798.707284236,1638.4
799.511546299,1638.4
800.317773853,1740.8
801.124127235,1740.8
801.932247190,1638.4
802.739273023,1638.4
803.543223649,1638.4
804.351315295,1945.6
805.156654079,1945.6
805.963607686,2150.4
806.769000022,2150.4
807.574682547,2150.4
808.379035723,3072.0
809.183566455,3072.0
809.983824849,1331.2
810.788453607,1331.2
811.590331213,1331.2
812.395754907,2150.4
813.198705337,2150.4
813.999889206,2457.6
814.802442295,2457.6
815.611075673,2457.6
816.412948849,1228.8
817.212836590,1228.8
818.019504004,492
818.818236101,492
819.618830811,492
820.422132560,705
821.220794959,705
822.019492252,1536.0
822.819430533,1536.0
823.619314102,1536.0
824.429478174,940
825.228168097,940
826.027015539,1536.0
826.827417760,1536.0
827.635209025,1536.0
828.439079707,2764.8
829.242802902,2764.8
830.045755820,2457.6
830.852856713,2457.6
831.654721853,2457.6
832.460860686,1945.6
833.265329002,1945.6
834.066575965,2764.8
834.874952443,2764.8
835.679895875,2764.8
836.485702871,3072.0
837.288024417,3072.0
838.090976755,4198.4
838.893444949,4198.4
839.695203568,4198.4
840.503058948,4608.0
841.307302881,4608.0
842.113185482,2764.8
842.914884850,2764.8
843.722810151,2764.8
844.526704311,2867.2
845.335403920,2867.2
846.143678085,2662.4
846.950063727,2662.4
847.754526109,2662.4
848.559790819,2764.8
849.364190985,2764.8
850.166124413,3072.0
850.976020473,3072.0
851.778221637,3072.0
852.583632751,2457.6
853.388696569,2457.6
854.192864432,1433.6
854.999756787,1433.6
855.803264060,1433.6
856.606622057,1638.4
857.414058129,1638.4
858.218896177,1945.6
859.022788684,1945.6
859.827785179,1945.6
860.630831614,1945.6
861.433702427,1945.6
862.236724366,0
863.039332441,0
863.835699036,0
864.635335815,0
865.434608034,0
866.229025991,266
867.032756884,266
867.834835109,266
868.635649271,1945.6
869.445918681,1945.6
870.253086381,424
871.054871448,424
871.857651584,424
872.659585038,157
873.460178827,157
874.261411845,338
875.060196047,338
875.860251994,338
876.663732808,452
877.462543053,452
878.268555766,1228.8
879.075308378,1228.8
879.885054632,1228.8
880.684130244,1126.4
881.480936741,1126.4
882.276358650,484
883.072684405,484
883.870955709,484
884.659463167,719
885.454377315,719
886.247660368,831
887.045561104,831
887.837101284,831
888.631362087,633
889.428584504,633
890.222062475,1638.4
891.018778189,1638.4
891.814286185,1638.4
892.610304376,1331.2
893.407317297,1331.2
894.201015855,630
894.992739543,630
895.787752272,630
896.584863148,239
897.381475160,239
898.173834883,239
898.965216984,266
899.763327224,266
900.559911241,817
901.352976780,817
902.150909107,817
902.943297020,1024.0
903.740768719,1024.0
904.533870335,1126.4
905.329700625,1126.4
906.126530474,1126.4
906.921985802,972
907.713606974,972
908.507073469,579
909.300504056,579
910.098230759,579
910.893862625,981
911.688503171,981
912.490323873,1945.6
913.286137785,1945.6
914.079629521,1945.6
914.880347458,1843.2
915.677098093,1843.2
916.478248313,2150.4
917.277696059,2150.4
918.070650523,2150.4
918.866225795,2457.6
919.665776036,2457.6
920.463646324,2457.6
921.262468445,2457.6
922.062854379,2457.6
922.860749626,2560.0
923.656896703,2560.0
924.456798651,1945.6
925.259845931,1945.6
926.060335999,1945.6
926.857891419,2662.4
927.658280027,2662.4
928.457576976,2560.0
929.253056178,2560.0
930.049526273,2457.6
930.843511079,2457.6
931.639901626,2457.6
932.441090931,1945.6
933.238157682,1945.6
934.034497995,1843.2
934.833976814,1843.2
935.629113794,1843.2
936.427277958,1945.6
937.222561979,1945.6
938.021891683,1740.8
938.820776331,1740.8
939.618125608,1740.8
940.417116751,1331.2
941.216153378,1331.2
942.011799563,960
942.804645543,960
943.602703266,960
944.398312100,909
945.196327266,909
945.988505600,825
946.780681896,825
947.578460473,825
948.372904525,730
949.168680825,730
949.963037024,732
950.755442225,732
951.554616865,732
952.350601866,1126.4
953.146853548,1126.4
953.946514259,1024.0
954.744828956,1024.0
955.544717060,1024.0
956.344027496,834
957.142645428,834
957.938945259,711
958.732383828,711
959.527898943,711
960.321592259,837
961.117699890,837
961.917052318,1005
962.713527356,1005
963.508525544,1005
964.302442012,682
965.100526455,682
965.894177100,682
966.691275427,561
967.488507242,561
968.287187557,213
969.082834025,213
969.874621944,213
970.668734250,347
971.459907455,347
972.258254418,409
973.052217128,409
973.854710492,409
974.651361703,1126.4
975.454394328,1126.4
976.254932418,535
977.048805095,535
977.846813297,535
978.644967030,0
979.443168950,0
980.239779063,110
981.039127776,110
981.832661356,110
982.629073680,154
983.426435708,154
984.225809972,429
985.019501863,429
985.817020775,429
986.612219420,552
987.408566935,552
988.207808766,503
989.001603500,503
989.798209461,503
990.597062651,512
991.394327309,512
992.194142605,552
992.990648308,552
993.784441822,552
994.579732937,651
995.380184637,651
996.179861094,733
996.979082085,733
997.771622342,733
998.567375988,1228.8
999.363748320,1228.8
1000.162404352,1433.6
1000.961645255,1433.6
1001.760428288,1433.6
1002.562011998,1638.4
1003.358456564,1638.4
1004.157476912,2150.4
1004.953236500,2150.4
1005.748602209,2150.4
1006.545647322,1843.2
1007.344572010,1843.2
1008.142067817,2355.2
1008.942669991,2355.2
1009.740676695,2355.2
1010.536120993,2355.2
1011.334201678,2150.4
1012.130942820,3481.6
1012.926524744,3481.6
1013.721677690,3481.6
1014.520598935,2867.2
1015.315184066,2867.2
1016.113138301,853
1016.908000597,853
1017.704312071,853
1018.502168083,1228.8
1019.298808102,1228.8
1020.093594143,1228.8
1020.897538849,862
1021.698140731,862
1022.499832612,1433.6
1023.306007897,1433.6
1024.107314410,1433.6
1024.912005212,865
1025.711687577,865
1026.513037624,550
1027.310174158,550
1028.109688861,550
1028.904874119,0
1029.705074048,0
1030.504803159,0
1031.305996349,91
1032.107334638,91
1032.900552816,409
1033.695952318,409
1034.496099083,384
1035.298707195,384
1036.109626138,384
1036.908861393,887
1037.712493617,887
1038.515320991,0
1039.312855798,0
1040.116154376,0
1040.913726303,0
1041.713886394,0
1042.512733274,262
1043.311628651,262
1044.108897262,262
1044.909577356,245
1045.712432813,245
1046.512991827,817
1047.311819899,817
1048.116253139,817
1048.918986624,892
1049.720586777,892
1050.523802834,892
1051.325657217,781
1052.129181037,781
1052.932746840,991
1053.731553025,991
1054.531143237,590
1055.326897922,590
1056.130688388,590
1056.929105363,712
1057.728630710,712
1058.529586409,706
1059.328858466,706
1060.130072394,706
1060.930559610,795
1061.733292231,795
1062.532241692,975
1063.324065093,975
1064.123614240,975
1064.920467794,706
1065.723436844,706
1066.520449018,1536.0
1067.323948672,1536.0
1068.126992415,1536.0
1068.926819041,2457.6
1069.739762920,2457.6
1070.536654846,2457.6
1071.334547060,2252.8
1072.132406516,2252.8
1072.925595251,1536.0
1073.720968115,1536.0
1074.520495442,1228.8
1075.320158208,1228.8
1076.121993965,1228.8
1076.917053131,1433.6
1077.710365813,1433.6
1078.504978471,817
1079.299145209,817
1080.093152724,817
1080.888063465,939
1081.684989900,939
1082.477779218,1126.4
1083.275827342,1126.4
1084.076776358,1126.4
1084.876752765,812
1085.675167169,812
1086.470630414,1024.0
1087.268739036,1024.0
1088.068789629,1024.0
1088.868091016,834
1089.668325575,834
1090.468608569,834
1091.262859583,1126.4
1092.062620005,1126.4
1092.859771670,1126.4
1093.656617298,1126.4
1094.454908899,1024.0
1095.257266083,1024.0
1096.057998845,1024.0
1096.856804309,821
1097.653057153,821
1098.446210048,838
1099.244551645,838
1100.039853619,838
1100.835206793,843
1101.627819410,843
1102.422650030,843
1103.219653451,1024.0
1104.013063108,1024.0
1104.814068685,716
1105.608611955,716
1106.403112319,716
1107.200533338,719
1107.999734991,719
1108.794374227,467
1109.588694044,467
1110.384561022,467
1111.182833821,580
1111.978756292,580
1112.772137994,682
1113.571167325,682
1114.369235019,682
1115.163725601,0
1115.958974532,0
1116.754811992,0
1117.551479196,0
1118.346552395,0
1119.142449036,0
1119.938287802,0
1120.733933334,0
1121.527014872,906
1122.318739956,906
1123.116440440,850
1123.911168159,850
1124.707483356,850
1125.500419055,1433.6
1126.298180930,1433.6
1127.094542232,1536.0
1127.892387760,1536.0
1128.693883316,1536.0
1129.489045547,1945.6
1130.290627181,1945.6
1131.092492856,2150.4
1131.886964280,2150.4
1132.685341534,2150.4
1133.480606697,2662.4
1134.276730530,2662.4
1135.072774965,2252.8
1135.873112846,2252.8
1136.674232211,2252.8
1137.471645497,2048.0
1138.272585166,2048.0
1139.069307932,1843.2
1139.866128666,1843.2
1140.665792237,1843.2
1141.461329806,1740.8
1142.259923929,1740.8
1143.056736991,2048.0
1143.856254007,2048.0
1144.655402197,2048.0
1145.457607431,2150.4
1146.256625681,2150.4
1147.054950954,913
1147.851661727,913
1148.642411614,913
1149.435649818,1638.4
1150.234239741,1638.4
1151.034899578,2048.0
1151.829648512,2048.0
1152.624743243,2048.0
1153.420505854,2457.6
1154.218175239,2457.6
1155.014489290,1009
1155.806609108,1009
1156.598674255,1009
1157.392075066,1433.6
1158.187275607,1433.6
1158.984683253,1228.8
1159.780743291,1228.8
1160.585401935,1228.8
1161.385992709,763
1162.184868528,763
1162.984241180,763
1163.783534874,1228.8
1164.588084919,1228.8
1165.391735624,975
1166.195970256,975
1166.999652536,945
1167.798079112,945
1168.597243758,945
1169.399102862,593
1170.196525855,593
1170.996301659,593
1171.799950232,286
1172.602655380,286
1173.399961112,612
1174.199785078,612
1175.003481291,612
1175.805013918,524
1176.604187027,524
1177.408731315,419
1178.208246096,419
1179.008751850,419
1179.812985668,521
1180.610862575,521
1181.408989249,473
1182.207833474,473
1183.014297728,473
1183.817452744,598
1184.615369320,598
1185.421287236,659
1186.217537290,294
1187.019363990,294
1187.825173328,294
1188.623312979,0
1189.426968732,0
1190.228742492,0
1191.032215005,0
1191.827080152,0
1192.627043379,1024.0
1193.435940585,1024.0
1194.240434201,255
1195.041711576,255
1195.839958113,255
1196.644147660,1228.8
1197.447349317,1228.8
1198.250280856,626
1199.056255091,626
1199.860366800,626
1200.663894474,626
1201.464014987,435
1202.264544990,1126.4
1203.070633274,1126.4
1203.874124359,1126.4
1204.678886985,986
1205.483907652,986
1206.288418970,923
1207.092792275,923
1207.899151968,923
1208.701880332,477
1209.499062402,477
1210.301173913,477
1211.105783130,455
1211.902029363,455
1212.706975182,847
1213.510935755,847
1214.311266526,654
1215.116608180,654
1215.919053670,654
1216.722369451,682
1217.523958692,682
1218.327248629,708
1219.129631939,708
1219.934136470,708
1220.732295973,708
1221.539418468,640
1222.340865004,780
1223.136707415,780
1223.939961509,780
1224.740190485,529
1225.540447966,529
1226.345696255,622
1227.147985720,622
1227.950675295,622
1228.752201198,660
1229.555397237,660
1230.356826732,660
1231.159143810,527
1231.959835973,527
1232.764260228,689
1233.568274256,689
1234.369064250,501
1235.169165010,501
1235.968781745,501
1236.767989147,567
1237.567792911,567
1238.368273739,625
1239.170947617,625
1239.976410839,625
1240.780102958,625
1241.585721700,878
1242.388131443,1228.8
1243.195256421,1228.8
1243.999114121,1228.8
1244.800564204,728
1245.604604205,728
1246.404356293,1024.0
1247.207593166,1024.0
1248.013836304,1024.0
1248.819201585,673
1249.620134358,673
1250.422519246,673
1251.224155104,933
1252.023557653,933
1252.828594580,933
1253.628787051,1228.8
1254.432224923,1228.8
1255.238673492,407
1256.036856531,407
1256.839164879,407
1257.642860957,32
1258.448497272,32
1259.244051860,0
1260.040939404,0
1260.845348273,0
1261.645610303,315
1262.447924264,315
1263.248835941,1228.8
1264.053400972,1228.8
1264.858357165,1228.8
1265.667660847,1126.4
1266.471110742,1126.4
1267.272865936,1024.0
1268.078091598,1024.0
1268.908995932,1024.0
1269.708219034,943
1270.506067914,943
1271.296466722,354
1272.092268537,354
1272.886309679,354
1273.679379872,109
1274.471839320,109
1275.270647128,99
1276.067822065,99
1276.866531278,99
1277.651785905,226
1278.444418560,226
1279.239749270,202
1280.035282255,202
1280.832192429,202
1281.625289361,342
1282.419725101,342
1283.216476671,886
1284.004849663,886
1284.804843677,886
1285.599491596,793
1286.396676043,793
1287.191305861,817
1287.984246643,817
1288.781861019,817
1289.579347044,611
1290.370805691,611
1291.169608194,770
1291.966428403,770
1292.758407240,770
1293.554720551,787
1294.346513630,787
1295.142362325,1126.4
1295.936694108,1126.4
1296.736611746,1126.4
1297.531862573,982
1298.324662948,982
1299.123560989,1126.4
1299.918172759,1126.4
1300.710287099,1126.4
1301.504606389,1024.0
1302.301280643,1024.0
1303.097798811,1228.8
1303.888936808,1228.8
1304.680857349,1228.8
1305.478636252,1536.0
1306.273047184,1536.0
1307.073723029,1228.8
1307.872043232,1228.8
1308.669334226,1228.8
1309.464903580,953
1310.261286376,953
1311.059180257,953
1311.854713266,1433.6
1312.649532356,1433.6
1313.445913004,2048.0
1314.242981968,2048.0
1315.041948278,2048.0
1315.839742441,2662.4
1316.640336409,2662.4
1317.433544895,2048.0
1318.231365350,2048.0
1319.032559340,2048.0
1319.827918495,1638.4
1320.624964428,1638.4
1321.423862622,1433.6
1322.217051459,1433.6
1323.018110581,1433.6
1323.813208148,1638.4
1324.608766509,1638.4
1325.406103393,1024.0
1326.200775920,1024.0
1327.001654156,1024.0
1327.797113316,0
1328.592921108,0
1329.386590838,92
1330.175249126,92
1330.971211626,92
1331.767391197,2048.0
1332.562186725,2048.0
1333.357823162,2252.8
1334.150252783,2252.8
1334.950971832,2252.8
1335.751416492,855
1336.571380539,855
1337.372197328,848
1338.170816525,848
1338.972126981,848
1339.773817369,2252.8
1340.578581012,2252.8
1341.379755786,2560.0
1342.187386854,2560.0
1342.992981997,2560.0
1343.791428235,4198.4
1344.599201888,4198.4
1345.403272406,3379.2
1346.210904554,3379.2
1347.013245297,3379.2
1347.820437085,1022
1348.624496375,1022
1349.428874272,1536.0
1350.238182944,1536.0
1351.043457933,1536.0
1351.847683135,741
1352.651476028,741
1353.457243576,869
1354.259459734,869
1355.059037485,869
1355.859835209,1536.0
1356.667113825,1536.0
1357.471305552,1638.4
1358.275211239,1638.4
1359.083267924,1638.4
1359.891367400,934
1360.689565595,934
1361.492915173,988
1362.293721534,988
1363.099325387,1126.4
1363.903391627,1126.4
1364.708052517,893
1365.507818341,893
1366.311849208,893
1367.120776303,902
1367.922387066,902
1368.721760474,902
1369.525832032,699
1370.329820455,699
1371.128258842,570
1371.931601142,570
1372.731891441,570
1373.532505224,726
1374.335786063,726
1375.136977084,650
1375.937760402,650
1376.739915360,650
1377.541518102,483
1378.342837951,483
1379.142663940,203
1379.943192231,203
1380.748487577,203
1381.555559248,487
1382.356182954,487
1383.156700480,1018
1383.961704398,1018
1384.759804393,1018
1385.559365460,1433.6
1386.366555393,1433.6
1387.170836715,1536.0
1387.975225613,1536.0
1388.779417770,1536.0
1389.582114050,1126.4
1390.391263243,1126.4
1391.196411175,1126.4
1391.993806897,1126.4
1392.783991566,1126.4
1393.570490612,1126.4
1394.362129539,1126.4
1395.154455189,712
1395.943732696,712
1396.734858944,712
1397.523905522,1126.4
1398.354022640,1126.4
1399.159167376,784
1399.960535138,784
1400.769115135,784
1401.572466978,804
1402.375999325,804
1403.176069692,774
1403.980390162,774
1404.780064018,774
1405.579381060,937
1406.383879552,937
1407.183764824,1228.8
1407.989416101,1228.8
1408.795408165,1228.8
1409.603907804,1004
1410.404191564,1004
1411.204586384,1024.0
1412.006639368,1024.0
1412.815171542,1024.0
1413.614575599,830
1414.416878230,830
1415.221431849,1126.4
1416.022624918,1126.4
1416.823371224,1126.4
1417.630969974,1331.2
1418.436478757,1331.2
1419.237179900,946
1420.037562050,946
1420.840332425,946
1421.640929775,1126.4
1422.448755122,1126.4
1423.253533177,1331.2
1424.057039020,1331.2
1424.861847633,1331.2
1425.669427277,1433.6
1426.473253391,1433.6
1427.275271249,1740.8
1428.080959663,1740.8
1428.887006518,1740.8
1429.715990900,1228.8
1430.534998146,1228.8
1431.342580384,538
1432.146355868,538
1432.948374564,538
1433.748583412,862
1434.572946544,862
1435.364090595,901
1436.156508232,901
1436.942999719,901
1437.733112330,1024.0
1438.528106412,1024.0
1439.322350723,921
1440.112744439,921
1440.902686762,921
1441.700087006,673
1442.488991313,673
1443.278944017,833
1444.070766176,833
1444.863485543,833
1445.653248892,655
1446.442406903,655
1447.230558499,839
1448.019257872,839
1448.812017071,839
1449.608204587,777
1450.395871338,777
1451.198975593,777
1451.995221963,657
1452.790964490,657
1453.587727120,889
1454.383273356,889
1455.179710291,889
1455.979850495,1024.0
1456.782875836,1024.0
1457.580439370,1536.0
1458.395890401,1536.0
1459.200349634,1536.0
1460.007436214,1536.0
1460.816108001,1536.0
1461.619650669,1228.8
1462.423398135,1228.8
1463.227691888,1228.8
1464.032556143,1331.2
1464.834534008,1331.2
1465.640814630,1740.8
1466.449573827,1740.8
1467.254892796,1740.8
1468.058936009,1433.6
1468.858716645,1433.6
1469.666874898,1638.4
1470.474707053,1638.4
1471.283597026,1638.4
1472.087755781,1536.0
1472.892567556,1536.0
1473.701238405,1536.0
1474.509196423,1536.0
1475.315356555,1638.4
1476.125994474,1638.4
1476.931866072,1638.4
1477.737287046,835
1478.540049353,835
1479.341424643,1433.6
1480.146241885,1433.6
1480.954301272,1433.6
1481.759895860,1331.2
1482.564726981,1331.2
1483.370638410,1331.2
1484.196227241,1331.2
1484.993587216,1331.2
1485.792088314,1228.8
1486.585232182,1228.8
1487.381746657,808
1488.179613194,808
1488.974280260,808
1489.766920145,742
1490.560832282,742
1491.352818610,742
1492.148422867,112
1492.934940693,27
1493.728765477,27
1494.524739585,27
1495.319517887,832
1496.119752912,832
1496.924303957,832
1497.717800352,1024.0
1498.513057415,1024.0
1499.313931453,839
1500.107726969,839
1500.903014111,839
1501.700726251,890
1502.499216404,890
1503.297159352,315
1504.095098463,315
1504.892649909,315
1505.692010516,379
1506.492169906,379
1507.288878809,891
1508.084718946,891
1508.881846853,891
1509.676122006,591
1510.471151899,591
1511.268197815,0
1512.063429161,0
1512.862898020,0
1513.660637431,508
1514.454814161,508
1515.252272170,368
1516.046782484,368
1516.839348363,368
1517.632239971,1536.0
1518.428305053,1536.0
1519.225167838,898
1520.019661654,898
1520.814974533,898
1521.615295103,449
1522.410771733,449
1523.204353985,28
1524.002937875,28
1524.794257911,28
1525.585355047,168
1526.379556103,168
1527.174694196,452
1527.972486339,452
1528.769957124,452
1529.567703502,385
1530.361759597,385
1531.156714245,622
1531.954156397,622
1532.752660344,622
1533.547147177,772
1534.344723036,772
1535.142750341,581
1535.936968949,581
1536.735157471,581
1537.528038455,897
1538.324577291,897
1539.122435188,540
1539.919369395,540
1540.718815403,540
1541.514353546,534
1542.310481315,534
1543.108239268,924
1543.902850977,924
1544.699389668,924
1545.494976665,1024.0
1546.296660420,1024.0
1547.096325768,1024.0
1547.893183216,109
1548.693725809,109
1549.490553822,192
1550.287305161,192
1551.086133628,192
1551.878942927,228
1552.674806004,228
1553.468174514,945
1554.261034050,945
1555.058768766,945
1555.861352872,575
1556.655468190,575
1557.450826865,582
1558.245042204,582
1559.039830189,582
1559.832246809,500
1560.627616738,500
1561.419760743,494
1562.212630966,494
1563.008695342,494
1563.806702951,711
1564.599452606,711
1565.392970709,442
1566.184815671,442
1566.979082424,442
1567.771783992,0
1568.567032214,0
1569.362372894,0
1570.165585021,0
1570.959640055,0
1571.751017685,0
1572.551146942,0
1573.346699957,0
1574.139442643,0
1574.931831805,0
1575.734603862,263
1576.530972896,263
1577.322546973,362
1578.120082488,362
1578.919540016,362
1579.717604685,356
1580.514425627,356
1581.309979037,238
1582.104344638,238
1582.899292743,238
1583.695139402,460
1584.487123370,460
1585.278647186,418
1586.076511800,418
1586.870823612,418
1587.668236631,520
1588.462467470,520
1589.260337066,508
1590.061333919,508
1590.859514906,508
1591.656763115,316
1592.451220937,316
1593.246328260,316
1594.042416613,614
1594.836019406,614
1595.634077502,0
1596.430950122,0
1597.229164467,0
1598.026037319,38
1598.820907736,38
1599.611912499,95
1600.407722788,95
1601.202944322,95
1601.992469272,0
1602.783705103,0
1603.579169700,519
1604.376711323,519
1605.172031957,519
1605.970061876,442
1606.764567978,442
1607.562173188,368
1608.354812359,368
1609.148510381,368
1609.946188003,367
1610.740665614,367
1611.535694140,341
1612.330941059,341
1613.127820824,341
1613.920663478,486
1614.713487106,486
1615.510431806,344
1616.305324947,344
1617.102437206,344
1617.899417114,464
1618.692380229,464
1619.485861145,434
1620.283399572,434
1621.080153091,434
1621.878451499,308
1622.675024196,308
1623.471080206,483
1624.265903300,483
1625.061743852,483
1625.859101849,304
1626.656435121,304
1627.454185964,346
1628.253149196,346
1629.048636441,346
1629.846397425,329
1630.643234689,329
1631.439630737,291
1632.235260304,291
1633.029435935,291
1633.824713406,391
1634.621335734,391
1635.415304334,290
1636.215679077,290
1637.009726598,290
1637.803776023,344
1638.600845942,344
1639.393051042,344
1640.190879941,218
1640.984221776,218
1641.780821277,226
1642.576530107,226
1643.370974954,226
1644.169614782,444
1644.967334998,444
1645.763030937,566
1646.559451030,566
1647.355947579,566
1648.147917457,1126.4
1648.946047631,1126.4
1649.752650722,979
1650.551098309,979
1651.343557637,979
1652.140437323,794
1652.938679102,794
1653.733541184,803
1654.524406242,803
1655.320701542,803
1656.118652009,730
1656.912773931,730
1657.708854395,452
1658.507198581,452
1659.298899636,452
1660.095254802,501
1660.885445125,501
1661.683850959,467
1662.475985998,467
1663.269343795,467
1664.063781659,461
1664.856988591,461
1665.654902445,458
1666.448630666,458
1667.243786422,458
1668.041588504,482
1668.835027838,482
1669.635366799,515
1670.427933049,515
1671.227970760,515
1672.029535004,574
1672.820374684,574
1673.612479982,480
1674.408531510,480
1675.207263024,480
1676.003542508,523
1676.798697065,523
1677.600560979,678
1678.398179133,678
1679.191625609,678
1679.989822343,560
1680.788570495,560
1681.583613998,1126.4
1682.383601557,1126.4
1683.182233544,1126.4
1683.979787203,926
1684.776538863,926
1685.573169873,950
1686.369042551,950
1687.166711399,950
1687.964790117,1228.8
1688.765366659,1228.8
1689.564409373,1126.4
1690.364746970,1126.4
1691.160717678,1126.4
1691.962750512,1126.4
1692.761056666,1126.4
1693.559945416,1126.4
1694.357536866,975
1695.153609142,975
1695.950400516,1024.0
1696.748093800,1024.0
1697.548456463,1024.0
1698.346938843,667
1699.140971226,667
1699.933270243,582
1700.728466108,582
1701.520465333,582
1702.316453490,634
1703.110737146,634
1703.905056867,687
1704.699283569,687
1705.493087649,687
1706.287020622,392
1707.080995612,392
1707.879077101,542
1708.675023970,542
1709.468480111,542
1710.261088809,366
1711.052131286,366
1711.843351246,0
1712.638741348,0
1713.440526656,0
1714.235164654,0
1715.027353533,0
1715.823103174,0
1716.614755102,0
1717.408836746,0
1718.205374677,0
1718.999247463,0
1719.792584392,0
1720.586789859,0
1721.383733365,0
1722.176298019,0
1722.970583339,0
1723.760831250,416
1724.561140219,416
1725.358390321,416
1726.151768859,218
1726.946463448,218
1727.742495198,377
1728.570960258,377
1729.366615252,377
1730.166027371,314
1730.964562328,314
1731.762012223,187
1732.565298954,187
1733.365093209,187
1734.163782989,277
1734.964009017,277
1735.766290564,282
1736.565788731,282
1737.361583579,282
1738.159106650,357
1738.956407328,357
1739.755799713,307
1740.548049892,307
1741.346846086,307
1742.142880199,241
1742.939640200,241
1743.737914277,241
1744.529555451,365
1745.327180648,365
1746.122665287,298
1746.917793910,298
1747.710680965,298
1748.502236379,376
1749.298742386,376
1750.096756638,266
1750.894743935,266
1751.692190939,266
1752.487707421,253
1753.286383721,253
1754.086319557,370
1754.879024028,370
1755.675833590,370
1756.470277480,181
1757.263760702,181
1758.054888736,351
1758.850887322,351
1759.647914196,351
1760.443710095,307
1761.239397165,307
1762.038014355,258
1762.834489507,258
1763.631996283,258
1764.429579910,295
1765.222940318,295
1766.019261565,217
1766.814920306,217
1767.614613355,217
1768.409631851,339
1769.203912027,339
1769.999322838,226
1770.797240670,226
1771.591094520,226
1772.382941556,255
1773.178833251,255
1773.974407573,351
1774.768283241,351
1775.563963855,351
1776.359114365,228
1777.154386250,228
1777.952171231,403
1778.746854216,403
1779.544769474,403
1780.338683641,380
1781.135974192,380
1781.931619462,400
1782.730200884,400
1783.528288399,400
1784.325882652,402
1785.125294103,402
1785.920747602,415
1786.718212537,415
1787.516274397,415
1788.311912293,476
1789.108332104,476
1789.900001945,460
1790.699350992,460
1791.497354071,460
1792.292221956,505
1793.087081048,505
1793.879122592,505
1794.674628348,421
1795.467929394,421
1796.260922425,380
1797.058104628,380
1797.852756222,380
1798.646693737,0
1799.439082501,0
1800.233676969,0
1801.030009958,0
1801.825369063,0
1802.613456773,0
1803.411188633,0
1804.203127063,0
1804.999415989,0
1805.795004077,0
1806.591419685,25
1807.383087968,25
1808.178712765,18
1808.979073586,18
1809.776909531,18
1810.575419987,386
1811.371855168,386
1812.166075842,388
1812.962767150,388
1813.758704186,388
1814.553877696,243
1815.350871804,243
1816.142287063,302
1816.940178008,302
1817.735428479,302
1818.528540413,329
1819.322769977,329
1820.124283491,334
1820.922369002,334
1821.716204357,334
1822.512641905,0
1823.311362263,0
1824.110894864,0
1824.907480994,0
1825.705396359,0
1826.497245756,0
1827.290946358,780
1828.087368801,780
1828.882982640,780
1829.678335443,917
1830.473643474,917
1831.272323818,1228.8
1832.072422296,1228.8
1832.873168594,1228.8
1833.669968629,1126.4
1834.467523708,1126.4
1835.270095405,1126.4
1836.064678779,706
1836.862997479,706
1837.659118871,953
1838.450247191,953
1839.243624640,558
1840.038548055,558
1840.834805768,558
1841.631529315,694
1842.426974734,694
1843.223069938,596
1844.018232413,596
1844.810213921,596
1845.603172000,596
1846.399908998,277
1847.197178980,342
1847.995153117,342
1848.790396227,342
1849.584751745,347
1850.381273874,347
1851.175045432,385
1851.967849585,385
1852.762297310,385
1853.556238733,361
1854.350195693,361
1855.147902806,361
1855.944855206,361
1856.739927158,338
1857.534519229,367
1858.328057284,367
1859.122371252,367
1859.915825498,300
1860.714315850,300
1861.510927798,315
1862.306890002,315
1863.102669587,315
1863.896432566,286
1864.695194088,286
1865.492348345,286
1866.286334231,323
1867.075765002,323
1867.870608048,355
1868.668346673,355
1869.459943744,338
1870.255525996,338
1871.047368664,338
1871.842568241,390
1872.640139455,390
1873.432464669,328
1874.225686505,328
1875.018945272,328
1875.812707890,328
1876.607437842,0
1877.402132914,0
1878.193958887,0
1878.982844127,0
1879.776391894,0
1880.572026391,0
1881.368511191,0
1882.160486193,0
1882.958554690,0
1883.754973820,354
1884.551597332,354
1885.350931566,354
1886.145024316,328
1886.936306307,328
1887.729330727,968
1888.522110640,968
1889.315946355,950
1890.115038101,950
1890.908688857,950
1891.704232526,950
1892.500243362,1228.8
1893.302481276,345
1894.098596722,345
1894.892889106,345
1895.690692733,345
1896.486007930,106
1897.280221159,0
1898.075577495,0
1898.869960936,0
1899.666757173,0
1900.458441642,0
1901.259297195,0
1902.053379447,0
1902.846367185,0
1903.643231116,0
1904.440452498,0
1905.235040487,0
1906.030643249,0
1906.825978070,0
1907.615551031,114
1908.412083154,114
1909.208135695,114
1910.003992543,228
1910.800148560,228
1911.594941285,101
1912.391734318,101
1913.186080230,101
1913.978670546,0
1914.775222246,0
1915.567358282,0
1916.360319275,0
1917.155627159,0
1917.948034423,1126.4
1918.749339824,1126.4
1919.547245904,1126.4
1920.342354750,1126.4
1921.152599779,1126.4
1921.954791217,1126.4
1922.758046360,1126.4
1923.556780510,1126.4
1924.356875799,986
1925.150807349,986
1925.944392089,986
1926.740776786,797
1927.537176547,797
1928.333977572,1126.4
1929.132432568,1126.4
1929.944536797,1126.4
1930.741180519,566
1931.534914343,566
1932.327884930,847
1933.123014433,847
1933.916056324,847
1934.710473309,897
1935.505017599,897
1936.305979599,390
1937.102322860,390
1937.895065058,390
1938.691456610,806
1939.483986152,806
1940.281112883,466
1941.080031068,466
1941.880217914,466
1942.680016341,741
1943.481106446,741
1944.276853001,791
1945.075127592,791
1945.871678418,791
1946.672598260,373
1947.473703274,373
1948.276540612,747
1949.072271045,747
1949.876809247,747
1950.676286203,423
1951.477436427,423
1952.279358287,673
1953.079052307,673
1953.880101255,446
1954.680007304,446
1955.478756942,446
1956.280913318,0
1957.080841285,0
1957.879139082,0
1958.679204707,0
1959.478899788,0
1960.283601869,0
1961.084656608,0
1961.884674431,0
1962.683879912,0
1963.479711627,0
1964.282824366,0
1965.081743911,0
1965.880950422,0
1966.683651205,318
1967.483233696,318
1968.285215550,192
1969.084066218,192
1969.880393166,192
1970.680924299,178
1971.483226275,178
1972.281223786,184
1973.080327022,184
1973.876796403,184
1974.679681239,192
1975.477000635,192
1976.273800404,138
1977.074268242,138
1977.876069735,138
1978.679718008,169
1979.476932677,169
1980.276703926,184
1981.078394179,184
1981.872843873,184
1982.668828634,195
1983.463912505,195
1984.264016474,157
1985.065969726,157
1985.867399681,157
1986.664507848,189
1987.468983952,189
1988.269663331,190
1989.073221821,190
1989.874339809,190
1990.672395520,191
1991.474472660,191
1992.278937250,190
1993.075958037,190
1993.877472457,190
1994.683284988,171
1995.484889145,171
1996.287631389,0
1997.091506641,0
1997.892965666,0
1998.696631911,0
1999.494927421,0
2000.295638626,271
2001.100990961,271
2001.900588366,271
2002.704016331,863
2003.508419664,863
2004.309788343,275
2005.118318922,275
2005.912925480,275
2006.716670404,512
2007.521267004,512
2008.319712776,560
2009.125497593,560
2009.933138613,560
2010.737218543,1000
2011.543683538,1000
2012.344827263,887
2013.152352752,887
2013.952150269,887
2014.751727974,194
2015.556616407,194
2016.358194994,0
2017.158448892,0
2017.960081530,0
2018.760246257,0
2019.560629189,0
2020.362610298,0
2021.165054949,0
2021.965443464,0
2022.761473440,318
2023.558822945,318
2024.361433015,436
2025.156738924,436
2025.957805252,436
2026.755880427,210
2027.556240094,210
2028.359141896,432
2029.161681226,432
2029.959484141,432
2030.764398310,1433.6
2031.571024410,1433.6
2032.375090443,1126.4
2033.177557747,1126.4
2033.980822892,1126.4
2034.782832629,987
2035.584728853,987
2036.383817692,2355.2
2037.195055174,2355.2
2038.002924428,2355.2
2038.807456114,2252.8
2039.618988284,2252.8
2040.421062408,1433.6
2041.217509074,1433.6
2042.024744570,1433.6
2042.827093827,850
2043.629644268,850
2044.431064004,646
2045.233089550,646
2046.035959369,646
2046.837328501,567
2047.637209302,567
2048.436616130,515
2049.235433928,515
2050.040449332,515
2050.839900077,457
2051.643808545,457
2052.444134751,174
2053.241884438,174
2054.042972555,174
2054.844694543,116
2055.646390726,116
2056.448836250,58
2057.250737569,58
2058.052043796,58
2058.857549770,116
2059.660142258,116
2060.464713521,58
2061.267152598,58
2062.064682540,58
2062.860864888,102
2063.664204035,102
2064.463499389,92
2065.269760223,92
2066.070367575,92
2066.872970666,57
2067.677038611,57
2068.480937762,100
2069.280557110,100
2070.081423280,100
2070.883509512,92
2071.686396913,92
2072.491392466,92
2073.293103419,92
2074.096568054,92
2074.897225724,82
2075.699725950,82
2076.498981933,116
2077.301601153,116
2078.100678085,116
2078.899733160,97
2079.702119680,97
2080.505791725,105
2081.307088502,105
2082.109011085,105
2082.906407880,72
2083.707953047,72
2084.508376312,72
2085.310738372,72
2086.111021221,108
2086.912996886,108
2087.714511803,73
2088.520454520,73
2089.325149792,73
2090.123256743,109
2090.927892088,109
2091.731361831,73
2092.533590600,73
2093.334036109,73
2094.133634029,73
2094.931856800,73
2095.735888902,73
2096.536658720,109
2097.339553429,109
2098.140535474,87
2098.940939619,87
2099.742491187,78
2100.539864036,78
2101.345714917,78
2102.147645945,126
2102.944883217,126
2103.744738156,71
2104.541395195,71
2105.347318278,71
2106.146998235,64
2106.941963975,64
2107.745363675,99
2108.552211101,99
2109.354046769,99
2110.155615856,83
2110.952154231,83
2111.752461237,102
2112.559685723,102
2113.360745419,102
2114.171806540,84
2114.975440574,84
2115.776239619,84
2116.575439010,0
2117.376774416,0
2118.175737827,0
2118.976463726,0
2119.777961840,0
2120.577476823,0
2121.380799265,0
2122.180751665,261
2122.988851940,261
2123.788870260,1638.4
2124.591640280,1638.4
2125.392287217,1638.4
2126.201283382,2150.4
2127.006848190,2150.4
2127.811618257,2150.4
2128.615057770,2867.2
2129.421098848,2867.2
2130.231201856,2150.4
2131.037918979,2150.4
2131.839418945,2150.4
2132.644334827,902
2133.444660449,902
2134.245438650,1843.2
2135.047494491,1843.2
2135.851092174,1843.2
2136.654991209,1945.6
2137.459310783,1945.6
2138.265614455,2150.4
2139.068934053,2150.4
2139.875483886,1024.0
2140.682589615,1024.0
2141.484058412,1024.0
2142.288260884,1006
2143.083690892,1006
2143.883556033,714
2144.686741419,714
2145.484041254,714
2146.284640434,613
2147.088149772,613
2147.887820322,523
2148.689326899,523
2149.493416535,523
2150.291588429,178
2151.093981284,178
2151.896484850,236
2152.699997617,236
2153.503479831,236
2154.302317159,192
2155.104504790,192
2155.908537325,192
2156.704877979,157
2157.511071528,157
2158.312083907,174
2159.114493995,174
2159.917045462,174
2160.716908936,159
2161.519833675,159
2162.325417180,217
2163.127588110,217
2163.927504927,217
2164.730214542,155
2165.531835550,155
2166.335984806,93
2167.137198550,93
2167.935763304,93
2168.735902010,124
2169.542231934,124
2170.345911687,109
2171.148228283,109
2171.951764550,109
2172.755443520,114
2173.555897441,114
2174.372804709,0
2175.180024819,0
2175.984500919,0
2176.788277176,0
2177.588599924,0
2178.389814051,120
2179.188943767,120
2179.989985032,120
2180.791997649,245
2181.592889317,245
2182.392934556,868
2183.197743564,868
2184.000974129,868
2184.799942459,787
2185.599760009,787
2186.404070134,845
2187.203275724,845
2188.003286939,845
2188.805319594,923
2189.610604854,923
2190.415498508,637
2191.217497748,637
2192.019870639,637
2192.820513719,833
2193.624264491,833
2194.452161188,578
2195.245645390,578
2196.039864124,578
2196.830832810,0
2197.623885142,0
2198.420052512,0
2199.212623380,0
2200.006100915,0
2200.797521341,0
2201.591501533,0
2202.386959104,0
2203.181202460,0
2203.974231732,0
2204.770179909,0
2205.565046583,0
2206.356441490,0
2207.153706839,0
2207.946447258,0
2208.746172687,168
2209.543385404,168
2210.342115446,112
2211.138386566,112
2211.934833543,112
2212.730569495,134
2213.523276581,134
2214.319630739,149
2215.111127748,149
2215.905410465,149
2216.700195593,65
2217.495816657,65
2218.291011185,65
2219.086976455,65
2219.882245129,65
2220.688894342,63
2221.491181764,63
2222.291399111,52
2223.093905584,52
2223.897088909,52
2224.695853214,46
2225.496530152,46
2226.305928558,0
2227.113670922,0
2227.915459642,0
2228.717553032,0
2229.543460271,0
2230.353231837,0
2231.159602869,0
2231.964543036,0
2232.763453155,0
2233.568252260,0
2234.372384126,0
2235.173478717,0
2235.978399872,0
2236.781408971,0
2237.579972088,0
2238.383485528,0
2239.182709472,0
2239.986051652,0
2240.786441868,0
2241.584011128,0
2242.388509663,0
2243.191563258,0
2243.987695457,0
2244.787605596,0
2245.588910299,0
2246.391858845,569
2247.193627711,569
2247.991465811,569
2248.795543442,1433.6
2249.600882032,1433.6
2250.407996865,1536.0
2251.214254509,1536.0
2252.016132999,1536.0
2252.819533481,1024.0
2253.625892986,1024.0
2254.425729998,620
2255.228452686,620
2256.028021779,620
2256.826617820,792
2257.627132066,792
2258.428109220,541
2259.232044435,541
2260.032184912,541
2260.838851580,409
2261.644730031,409
2262.449336446,492
2263.252399273,492
2264.052358639,492
2264.856413208,438
2265.661053357,438
2266.463277025,538
2267.264523076,538
2268.068325937,538
2268.874028157,390
2269.678615689,390
2270.481082791,389
2271.280666428,389
2272.084515100,389
2272.886123713,475
2273.687314640,475
2274.488149345,346
2275.290263484,346
2276.093092818,346
2276.896011174,427
2277.696480326,427
2278.501326745,346
2279.303956020,346
2280.106898281,346
2280.905675932,434
2281.708024302,434
2282.505953552,428
2283.304295917,428
2284.103584665,428
2284.904657201,284
2285.705850128,284
2286.505393024,301
2287.309078834,301
2288.111896362,301
2288.914871483,298
2289.717485260,298
2290.516866723,223
2291.317939098,223
2292.115774141,223
2292.913595396,220
2293.711728135,220
2294.515022807,220
2295.314806454,194
2296.119358291,194
2296.920580165,249
2297.724916908,249
2298.527686055,249
2299.328615245,307
2300.131430725,307
2300.936956016,252
2301.737222918,252
2302.533165056,252
2303.335961171,477
2304.136355892,477
2304.941069640,433
2305.744382649,433
2306.547902341,433
2307.350750164,669
2308.158040429,669
2308.959687935,1228.8
2309.767798987,1228.8
2310.571451452,1228.8
2311.375897802,2560.0
2312.179076795,2560.0
2312.983098867,2457.6
2313.789079447,2457.6
2314.596168227,2457.6
2315.402550294,1024.0
2316.209030617,1024.0
2317.017119068,1228.8
2317.819376663,1228.8
2318.626846537,1228.8
2319.434377567,872
2320.236768594,872
2321.038671968,512
2321.840336323,512
2322.643766220,512
2323.445841147,798
2324.249550458,798
2325.048099054,411
2325.847774915,411
2326.652903811,411
2327.456908550,860
2328.261149087,860
2329.066732920,742
2329.868506133,742
2330.675705807,742
2331.480143136,630
2332.280749918,630
2333.082638208,705
2333.881451339,705
2334.684890257,705
2335.488966605,288
2336.291598051,288
2337.093762172,303
2337.897550171,303
2338.701043613,303
2339.504261316,383
2340.307832952,383
2341.106661100,321
2341.906649549,321
2342.710053003,321
2343.510163895,418
2344.311427934,418
2345.112907923,321
2345.916770394,321
2346.719242897,321
2347.521340702,319
2348.323587962,319
2349.127571731,377
2349.931353550,377
2350.732271459,377
2351.535679114,279
2352.337674600,279
2353.139715621,418
2353.944071749,418
2354.748392371,418
2355.552050009,375
2356.352118647,228
2357.152954379,228
2357.956566307,228
2358.757951583,377
2359.561642885,377
2360.363147612,192
2361.163211272,192
2361.972539632,192
2362.772530119,213
2363.573061801,213
2364.376740582,299
2365.180365745,299
2365.984801294,299
2366.791560604,150
2367.592417462,150
2368.393188971,294
2369.192210489,294
2369.995858398,294
2370.797997431,230
2371.600211639,230
2372.400846018,144
2373.205704497,144
2374.003359651,144
2374.804869382,228
2375.605999138,228
2376.404057020,78
2377.203250424,78
2378.007933913,78
2378.808764981,134
2379.610849433,134
2380.412232239,116
2381.214682448,116
2382.019095576,116
2382.819407090,112
2383.622557040,112
2384.424908800,168
2385.228259594,168
2386.025722785,168
2386.828651875,112
2387.628771028,112
2388.429350785,167
2389.228936601,167
2390.023898187,167
2390.824296857,112
2391.628721528,112
2392.431155294,153
2393.232693997,153
2394.032341262,153
2394.839322223,165
2395.640240065,165
2396.439545419,744
2397.238965864,744
2398.044896622,744
2398.844002944,713
2399.640313025,713
2400.442748934,565
2401.242870985,565
2402.041183923,565
2402.841514093,476
2403.646426398,476
2404.445002760,440
2405.243191461,440
2406.044702674,440
2406.841399053,0
2407.645142074,0
2408.447248448,0
2409.249240388,0
2410.048836783,0
2410.848633081,0
2411.649000503,0
2412.446118144,0
2413.244911198,0
2414.046776219,0
2414.842865278,0
2415.643406046,0
2416.448179580,0
2417.248194255,0
2418.048970335,0
2418.852481112,0
2419.652265036,0
2420.451341523,0
2421.252448115,0
2422.053539190,0
2422.851759292,0
2423.650608015,0
2424.451686912,0
2425.253479201,0
2426.052572261,0
2426.861809267,479
2427.662680659,479
2428.458723341,450
2429.258796955,450
2430.060975176,450
2430.859735708,1126.4
2431.663899722,1126.4
2432.470643161,1126.4
2433.274576052,1126.4
2434.081214976,1126.4
2434.884472501,878
2435.682317880,878
2436.479772354,770
2437.280749006,770
2438.082805535,770
2438.883701318,480
2439.684393847,480
2440.487002467,177
2441.287430570,177
2442.088847327,177
2442.887034561,95
2443.689398856,95
2444.493276607,84
2445.294116248,84
2446.095367681,84
2446.897577740,126
2447.700212315,126
2448.503647216,84
2449.303576953,84
2450.106885999,84
2450.910812366,84
2451.716125160,84
2452.517544304,126
2453.348854960,126
2454.141532779,126
2454.936469025,84
2455.728382980,84
2456.523315773,126
2457.316747686,126
2458.107100982,126
2458.899211366,84
2459.695635820,84
2460.489860960,84
2461.284804484,84
2462.075997007,84
2462.868222798,90
2463.661664333,90
2464.456542109,90
2465.246320081,80
2466.042743355,80
2466.832768529,80
2467.631727367,80
2468.426609328,80
2469.218557287,164
2470.014214750,164
2470.807895652,135
2471.599357265,135
2472.393008515,135
2473.184854699,185
2473.981071779,185
2474.774652410,147
2475.563904606,147
2476.364422335,147
2477.162665427,112
2477.956554369,112
2478.752440813,167
2479.547030310,167
2480.342940196,167
2481.135395639,111
2481.931921130,111
2482.728282903,167
2483.523896311,167
2484.316730770,167
2485.111928292,111
2485.907129693,111
2486.699430497,111
2487.496084884,111
2488.288430585,111
2489.081577063,167
2489.874818062,167
2490.669094181,134
2491.463040028,134
2492.258344668,134
2493.052606996,450
2493.847417475,450
2494.643352783,450
2495.439874414,450
2496.234255244,450
2497.027652933,1536.0
2497.826039920,1536.0
2498.624217162,2252.8
2499.420354975,2252.8
2500.217226467,2252.8
2501.016706651,571
2501.813372638,571
2502.612342739,659
2503.407884069,659
2504.202991921,659
2504.998234629,534
2505.791379076,534
2506.587582116,534
2507.387481996,251
2508.184270669,251
2508.979809515,211
2509.775038376,211
2510.567440146,211
2511.369586858,185
2512.168539496,185
2512.962855324,231
2513.759508089,231
2514.585237859,231
2515.387211981,111
2516.185851883,111
2516.979878433,167
2517.807576515,167
2518.606983113,167
2519.402405270,112
2520.200752165,112
2521.000227077,112
2521.794973728,112
2522.591430348,112
2523.385145841,168
2524.182237435,168
2524.974436178,112
2525.771406728,112
2526.566039603,112
2527.364335034,168
2528.157968159,168
2528.952754669,112
2529.746853037,112
2530.543578682,112
2531.337574770,134
2532.134680526,134
2532.931066553,135
2533.726617520,135
2534.519931201,135
2535.314449194,51
2536.108011438,51
2536.906593179,51
2537.700006635,51
2538.499428789,51
2539.292578529,49
2540.090693562,49
2540.881181374,44
2541.674617832,44
2542.465052768,44
2543.262675745,6.0
2544.052076565,6.0
2544.850884680,6.0
2545.646434456,6.0
2546.445421991,6.0
2547.242301738,244
2548.037230601,244
2548.835372932,257
2549.628857054,257
2550.423226874,257
2551.215924219,398
2552.014807017,398
2552.815016279,487
2553.611532469,487
2554.409579650,487
2555.204780533,572
2556.004238207,572
2556.799719214,507
2557.595144896,507
2558.395088744,507
2559.190828715,359
2559.985040794,359
2560.783942253,611
2561.579910439,611
2562.376690834,611
2563.172948502,564
2563.964314447,564
2564.758667331,564
2565.554970076,739
2566.353281808,739
2567.151132980,656
2567.949137153,656
2568.744722908,656
2569.538156658,351
2570.328177039,351
2571.126417275,462
2571.923563869,462
2572.718671877,462
2573.519350574,445
2574.313294821,445
2575.106363801,382
2575.899134256,382
2576.698948150,382
2577.496396006,238
2578.290123948,238
2579.087923423,327
2579.883812701,327
2580.680091909,327
2581.489698284,907
2582.289721333,907
2583.089681415,909
2583.895216194,909
2584.697369502,909
2585.496174811,844
2586.297192611,844
2587.095516641,833
2587.896300161,833
2588.695919026,833
2589.498378611,437
2590.295649643,437
2591.096836621,359
2591.894744031,359
2592.696034378,353
2593.496046926,353
2594.297847690,299
2595.099985186,299
2595.904252214,299
2596.704796695,258
2597.504451453,258
2598.309249541,335
2599.110574633,335
2599.908629705,335
2600.713983388,389
2601.509077366,389
2602.306723939,428
2603.107999384,428
2603.908847653,428
2604.710562573,499
2605.512935310,499
2606.312341972,531
2607.113155640,531
2607.919638175,531
2608.723026200,452
2609.526640184,452
2610.329199111,396
2611.129589343,396
2611.931632417,396
2612.730959378,830
2613.533019347,830
2614.337821239,776
2615.137597274,776
2615.940557601,776
2616.744247390,234
2617.548239191,234
2618.348186857,77
2619.156611025,77
2619.962216967,77
2620.763671499,668
2621.562757268,668
2622.365901171,514
2623.168375879,514
2623.967958823,514
2624.768455426,480
2625.567352323,480
2626.367743680,480
2627.173103387,480
2627.974876484,480
2628.768558222,392
2629.568063637,392
2630.371998611,0
2631.173537590,0
2631.976947002,0
2632.778735164,0
2633.582858600,0
2634.384256406,0
2635.184492203,0
2635.980648125,0
2636.784021907,0
2637.585421982,0
2638.383602292,0
2639.187249435,0
2639.986580507,0
2640.786032518,0
2641.589013304,0
2642.388491797,0
2643.188402602,0
2643.990466243,0
2644.792365604,0
2645.596872495,0
2646.398442826,0
2647.207433459,0
2648.008661765,0
2648.807605396,0
2649.609541374,0
2650.415619928,0
2651.220573153,0
2652.024247467,0
2652.827966677,0
2653.629389048,0
2654.428821241,0
2655.229279321,0
2656.024277941,0
2656.829532405,0
2657.636737022,0
2658.437496034,0
2659.245727188,0
2660.047688510,0
2660.850913005,0
2661.649662686,0
2662.446263701,0
2663.247585867,0
2664.056083051,0
2664.852402335,0
2665.651306185,0
2666.453844920,0
2667.254202896,0
2668.054642096,0
2668.854599776,0
2669.657562839,0
2670.459603375,0
2671.268953024,509
2672.073494610,509
2672.873202803,1433.6
2673.673571529,1433.6
2674.478812462,1433.6
2675.283243041,2457.6
2676.084764824,2457.6
2676.888597783,1228.8
2677.691066892,1228.8
2678.495989648,1228.8
2679.298413696,1126.4
2680.104127910,1126.4
2680.908409986,1126.4
2681.711811075,1126.4
2682.515301956,936
2683.321221015,936
2684.119518683,936
2684.920290118,1331.2
2685.725493475,1331.2
2686.529677764,1536.0
2687.330167908,1536.0
2688.137409850,1536.0
2688.944801336,1536.0
2689.744295597,1536.0
2690.546943501,856
2691.347581844,856
2692.147956114,856
2692.948662555,1126.4
2693.753763179,1126.4
2694.556696380,646
2695.355288160,646
2696.155907751,646
2696.960883985,645
2697.760620456,645
2698.562903811,7.0
2699.362734614,7.0
2700.165045544,7.0
2700.959408313,553
2701.760234904,553
2702.562945494,553
2703.360074304,461
2704.162872943,461
2704.964474725,458
2705.763946657,458
2706.564323271,458
2707.369757105,579
2708.168349323,579
2708.967998283,123
2709.769467041,123
2710.573730581,123
2711.380113127,123
2712.180391743,123
2712.980923331,102
2713.786194865,102
2714.584724973,102
2715.384474523,92
2716.184624550,92
2716.984891951,82
2717.788692715,82
2718.593654700,82
2719.392054047,0
2720.198963912,0
2721.003474675,0
2721.805162384,0
2722.610724129,0
2723.412619119,0
2724.215988126,0
2725.016208850,0
2725.809844595,0
2726.620518858,0
2727.423844435,0
2728.224744389,0
2729.030806870,0
2729.835261768,0
2730.635918526,0
2731.436445167,0
2732.240798817,0
2733.040956161,422
2733.843729340,422
2734.643408982,422
2735.442410149,470
2736.240918283,470
2737.042285243,450
2737.844302586,450
2738.639746681,450
2739.440919716,650
2740.240182325,650
2741.044720184,650
2741.848521669,737
2742.653075031,737
2743.455436933,704
2744.257772946,704
2745.061471691,770
2745.863104265,770
2746.667429790,770
2747.468123387,628
2748.268795154,628
2749.071352494,645
2749.868516269,645
2750.672294843,645
2751.472182117,677
2752.270413247,677
2753.069854509,628
2753.880576026,628
2754.684141892,628
2755.487611477,589
2756.292844672,589
2757.098934200,621
2757.901487260,621
2758.703707413,621
2759.505638609,589
2760.306572658,589
2761.106728914,589
2761.911144518,664
2762.716341904,664
2763.517779791,602
2764.323132842,602
2765.123891044,602
2765.928529063,607
2766.755389789,607
2767.548643841,493
2768.339408620,493
2769.132648929,493
2769.925723294,404
2770.713104017,404
2771.502798091,500
2772.293695105,500
2773.085459141,500
2773.875263228,388
2774.661419215,388
2775.447180166,324
2776.235555418,324
2777.028561442,324
2777.818089970,367
2778.616971492,367
2779.411202598,262
2780.202066068,262
2780.990180210,262
2781.782542690,392
2782.572896548,392
2783.371205581,261
2784.163431265,261
2784.958865697,261
2785.755210864,313
2786.550923645,313
2787.344266687,313
2788.139776225,0
2788.932547078,0
2789.725189136,0
2790.520886993,0
2791.314805631,0
2792.103796819,0
2792.903934968,0
2793.699453518,525
2794.490434455,525
2795.283397106,525
2796.078418369,2048.0
2796.874473480,2048.0
2797.668469303,2355.2
2798.467425237,1945.6
2799.264643012,1945.6
2800.057857486,1945.6
2800.855008317,1945.6
2801.657168396,1536.0
2802.452107208,1331.2
2803.250070799,1331.2
2804.045886525,1331.2
2804.845283152,780
2805.641606049,780
2806.435233070,627
2807.231284997,627
2808.028828969,627
2808.818255239,431
2809.612597117,431
2810.406961179,431
2811.200898585,431
2811.996178083,353
2812.788848249,503
2813.582406438,503
2814.380669298,503
2815.175338182,452
2815.974741726,452
2816.764806492,449
2817.559003405,449
2818.361605698,449
2819.154612199,384
2819.947529971,384
2820.742213239,384
2821.547624105,252
2822.342685221,252
2823.135209893,300
2823.927916922,300
2824.723129315,273
2825.518849532,273
2826.314700668,273
2827.110023654,336
2827.907872522,336
2828.702891825,284
2829.497144696,284
2830.291033611,284
2831.083666135,284
2831.874047416,296
2832.670158691,319
2833.463158805,319
2834.259272465,319
2835.055240512,219
2835.848606330,219
2836.648725079,389
2837.443629973,389
2838.236433911,389
2839.030171405,397
2839.824256339,397
2840.621804633,397
2841.421765429,541
2842.219884345,541
2843.016975117,537
2843.811625876,537
2844.608298767,465
2845.401311396,465
2846.202403427,465
2847.005661321,465
2847.802164272,427
2848.599062083,343
2849.394092928,343
2850.190594469,343
2850.984556943,343
2851.787061906,397
2852.583586663,462
2853.382042840,462
2854.174693012,462
2854.971035526,346
2855.771575022,346
2856.570997401,363
2857.366831445,363
2858.160207195,363
2858.956558720,351
2859.755240921,351
2860.547949249,351
2861.342432959,381
2862.137379287,381
2862.930258341,217
2863.723729335,217
2864.516135574,217
2865.309456937,173
2866.104313780,173
2866.895751837,217
2867.694214039,217
2868.484199238,217
2869.276846194,217
2870.071772093,217
2870.865287409,217
2871.664214736,216
2872.459484085,216
2873.249309163,216
2874.046451942,216
2874.844289037,194
2875.638324382,194
2876.435061064,194
2877.232821236,236
2878.024489911,236
2878.821981486,207
2879.618074833,207
2880.412569472,207
2881.206264469,207
2881.999247406,208
2882.794062596,236
2883.589061403,236
2884.384582060,236
2885.179597641,194
2885.975619719,194
2886.772639106,222
2887.574263987,222
2888.372645897,222
2889.167215487,157
2889.962488719,157
2890.759096942,157
2891.554790111,74
2892.352792926,74
2893.147749352,64
2893.941816164,64
2894.739271713,62
2895.535260568,62
2896.331883153,62
2897.130438799,62
2897.928420279,62
2898.724883264,56
2899.518321801,56
2900.310391596,56
2901.106051772,56
2901.898508261,50
2902.690942568,42
2903.487016482,42
2904.287054831,42
2905.082496667,42
2905.875923738,42
2906.692004727,0
2907.492836114,0
2908.290736579,0
2909.089432652,0
2909.891248986,0
2910.692156940,0
2911.492153238,0
2912.291654920,0
2913.095463882,0
2913.899964543,0
2914.696833320,0
2915.495225212,0
2916.302429046,0
2917.099944881,0
2917.900518427,0
2918.697281057,0
2919.493587042,1945.6
2920.300266246,1945.6
2921.106559139,1945.6
2921.907529229,3379.2
2922.709755462,3379.2
2923.515505608,3788.8
2924.320971787,3788.8
2925.120183271,2662.4
2925.922878665,2662.4
2926.723891650,2662.4
2927.521664742,1433.6
2928.330502310,1433.6
2929.131154436,1433.6
2929.932173997,824
2930.732901998,824
2931.529502541,2252.8
2932.327495423,2252.8
2933.128821127,2252.8
2933.930787296,1433.6
2934.734799641,1433.6
2935.533094277,1024.0
2936.336955486,1024.0
2937.139641582,992
2937.936071968,992
2938.736559150,992
2939.559173942,128
2940.349324607,128
2941.151247199,128
2941.951272989,110
2942.756853269,110
2943.560705399,100
2944.354871582,100
2945.155147940,100
2945.959796709,79
2946.760427439,79
2947.562349205,79
2948.363353444,79
2949.164818877,79
2949.965561813,0
2950.761730444,0
2951.561059722,0
2952.362189192,0
2953.160634406,0
2953.961042931,0
2954.759930847,0
2955.556093912,0
2956.359231478,0
2957.151539201,0
2957.951639926,0
2958.755377469,0
2959.555103305,0
2960.383543459,0
2961.184430367,0
2961.992032784,0
2962.795393808,0
2963.592796837,0
2964.393313375,0
2965.195768215,0
2965.995147409,0
2966.795549682,0
2967.597488447,0
2968.398858334,0
2969.196044127,0
2969.988734765,0
2970.788192213,0
2971.587889213,0
2972.387221014,0
2973.189054965,0
2973.992493174,0
2974.789791896,0
2975.589055820,0
2976.385587991,0
2977.182934955,0
2977.983979814,1024.0
2978.785353827,1024.0
2979.589766997,1331.2
2980.407983192,1331.2
2981.200822672,1331.2
2982.000426986,2252.8
2982.794613387,2252.8
2983.591278615,1638.4
2984.389035191,1638.4
2985.185634235,1638.4
2985.986434387,2252.8
2986.788592402,2252.8
2987.590615971,2764.8
2988.389816956,2764.8
2989.186626501,2764.8
2989.980738139,1740.8
2990.776913105,1740.8
2991.573217766,1536.0
2992.374799893,1536.0
2993.174797970,1536.0
2993.967392617,822
2994.759165786,822
2995.554363921,728
2996.352017081,728
2997.150054198,728
2997.946372940,756
2998.741079752,756
2999.534708461,470
3000.328875860,470
3001.122609619,470
3001.915009959,422
3002.714444298,422
3003.508301834,422
3004.300433310,481
3005.098108588,481
3005.896445930,425
3006.690591282,425
3007.483506185,425
3008.274582355,480
3009.070182063,480
3009.867195951,454
3010.668822818,454
3011.466994090,454
3012.263467405,463
3013.059920032,463
3013.855564117,360
3014.656046298,360
3015.456505575,360
3016.250365114,343
3017.047730663,343
3017.855135379,282
3018.646734176,282
3019.475041996,282
3020.273455723,230
3021.076660065,230
3021.875677467,152
3022.672929755,152
3023.476206054,152
3024.280054047,133
3025.076814375,133
3025.876755880,64
3026.677385097,64
3027.477694810,64
3028.279412990,90
3029.076068313,90
3029.880823409,26
3030.683239423,26
3031.483899373,26
3032.280258537,26
3033.081751075,26
3033.883371567,23
3034.684687150,23
3035.482254204,23
3036.280314312,21
3037.081602757,21
3037.884122534,17
3038.681638243,17
3039.487987014,17
3040.292706398,0
3041.095932506,0
3041.895950948,0
3042.692463239,0
3043.500194651,0
3044.300127823,0
3045.103795580,0
3045.904628657,0
3046.705451185,0
3047.503219427,0
3048.300769660,0
3049.105559545,0
3049.902867818,0
3050.702273726,0
3051.503790352,0
3052.303954145,0
3053.102518531,0
3053.903355481,0
3054.697832886,0
3055.506075485,0
3056.312490452,0
3057.111657943,0
3057.913553380,0
3058.716103569,0
3059.514912461,0
3060.313515152,0
3061.116341858,0
3061.923996898,0
3062.722245529,0
3063.525704531,0
3064.327662766,0
3065.128219904,0
3065.927007110,0
3066.728570064,0
3067.528010939,0
3068.331132556,0
3069.147619721,0
3069.952840727,0
3070.758120614,0
3071.557382102,0
3072.360406818,0
3073.160693640,0
3073.963789583,0
3074.767529445,0
3075.571485507,0
3076.376163197,0
3077.175178653,0
3077.979951224,0
3078.784815108,0
3079.588261208,0
3080.387748509,0
3081.186272857,0
3081.991954542,0
3082.793481388,0
3083.618831961,0
3084.432661762,0
3085.233961871,0
3086.036826081,0
3086.838117645,0
3087.643003166,0
3088.442087570,0
3089.243503340,0
3090.044638378,0
3090.841820680,0
3091.645491673,0
3092.444625423,0
3093.248494912,0
3094.054807391,0
3094.852339216,0
3095.653066806,0
3096.457484156,0
3097.289576708,0
3098.100534578,0
3098.910622751,0
3099.716466395,0
3100.520767267,0
3101.324296669,0
3102.127756377,0
3102.929461593,0
3103.727738978,0
3104.530251162,0
3105.332344156,0
3106.134100902,0
3106.934389167,0
3107.737196453,0
3108.538289996,0
3109.346879335,0
3110.150386469,0
3110.951568378,0
3111.751526601,0
3112.557848248,0
3113.360189715,0
3114.160004929,0
3114.959097514,0
3115.762439339,0
3116.566724460,0
3117.369083914,0
3118.169855631,0
3118.971058135,0
3119.773146337,0
3120.575449056,0
3121.376769435,0
3122.202623626,0
3123.011645665,0
3123.815767361,0
3124.617219091,0
3125.418897430,0
3126.224960305,0
3127.026685525,0
3127.829651012,0
3128.628124101,0
3129.431521990,0
3130.236035322,0
3131.038594272,0
3131.840570599,0
3132.640334245,0
3133.435418237,0
3134.234353174,0
3135.036080932,0
3135.834125545,0
3136.632799199,0
3137.429364119,0
3138.227658166,0
3139.024231773,0
3139.830422067,0
3140.632749425,0
3141.436019027,0
3142.235687319,0
3143.036134867,0
3143.838090582,0
3144.635514753,0
3145.439077804,0
3146.240799547,0
3147.039871301,0
3147.839363903,0
3148.642057699,0
3149.436854626,0
3150.237207029,0
3151.039225857,0
3151.841691332,0
3152.646325095,0
3153.444778130,0
3154.249200203,0
