0.001979005,0
0.804998818,0
1.603930490,0
2.402764391,0
3.198574723,0
3.996644053,0
4.800372606,0
5.600103975,0
6.403554765,0
7.212055625,0
8.005941272,0
8.809077932,0
9.610014582,0
10.412424222,0
11.214910156,0
12.017903697,0
12.817873975,0
13.617316815,0
14.417301710,0
15.217399220,0
16.016237934,0
16.814686923,0
17.613908859,0
18.413717747,0
19.211441066,0
20.012749445,0
20.813297057,1433.6
21.615748757,1433.6
22.413343097,949
23.212036932,949
24.012546388,949
24.809101644,2662.4
25.611121350,2662.4
26.410221481,913
27.212791813,913
28.014975194,913
28.809310893,0
29.608800203,0
30.407436268,215
31.200892079,215
32.000383243,215
32.798158416,551
33.601850769,551
34.400987387,803
35.196771186,803
35.999293314,803
36.796994589,0
37.596096509,0
38.396313272,0
39.197382763,0
39.993900933,0
40.792420792,0
41.588226711,0
42.387871272,0
43.188655047,0
43.985284742,0
44.786211419,0
45.581674772,0
46.377929137,0
47.177629164,0
47.976195993,0
48.777477004,98
49.584297857,98
50.380850013,1740.8
51.182600756,1740.8
51.979474333,1740.8
52.782217526,3993.6
53.584763470,3993.6
54.386802600,5427.2
55.191842184,5427.2
55.990408058,5427.2
56.790378380,5939.2
57.595575972,5939.2
58.401894095,6348.8
59.221350096,6348.8
60.031190121,6348.8
60.831904820,5529.6
61.633886920,5529.6
62.439396180,3686.4
63.237934440,3686.4
64.042559520,3686.4
64.843256872,3481.6
65.646785160,3481.6
66.452925675,3891.2
67.254285215,3891.2
68.057339367,3891.2
68.859743899,2560.0
69.655747892,2560.0
70.464391438,4198.4
71.267387188,4198.4
72.073722779,4198.4
72.873501337,4403.2
73.675782590,4403.2
74.479340733,4915.2
75.283179338,4915.2
76.082382813,4915.2
76.887171093,7270.4
77.687961755,7270.4
78.492999765,6553.6
79.293453281,6553.6
80.095877005,6553.6
80.900604016,2662.4
81.702704347,2662.4
82.504522178,4300.8
83.308136694,4300.8
84.107797767,4300.8
84.907681470,6553.6
85.711937821,6553.6
86.517229240,6553.6
87.319970833,3788.8
88.124525036,3788.8
88.921330073,4608.0
89.723526345,4608.0
90.527234871,7270.4
91.331828619,7270.4
92.137808008,7270.4
92.939484005,5324.8
93.743227310,5324.8
94.544666131,5324.8
95.346372766,4403.2
96.150768049,4403.2
96.946365267,3276.8
97.745478292,3993.6
98.547148649,3993.6
99.349566984,3993.6
100.151473550,5222.4
100.952244075,5222.4
101.757889471,4300.8
102.560433918,4300.8
103.358319061,4300.8
104.162862003,3891.2
104.965735190,3891.2
105.767548721,3891.2
106.570541852,3891.2
107.372272276,3379.2
108.173353373,3379.2
108.974210758,4300.8
109.772974628,4300.8
110.574111112,5120.0
111.373392442,5120.0
112.170003480,5120.0
112.971923060,4300.8
113.772274088,4300.8
114.577954833,4198.4
115.383124732,4198.4
116.181197404,4198.4
116.981327486,3276.8
117.786988929,3276.8
118.590434677,3276.8
119.391355018,5017.6
120.189854831,5017.6
120.991183614,6451.2
121.795750580,6451.2
122.601197378,4812.8
123.403048166,4812.8
124.207446154,4608.0
125.010684918,4608.0
125.814275657,4608.0
126.618908794,4608.0
127.420330833,3891.2
128.221387967,4915.2
129.019619054,4915.2
129.823125748,4915.2
130.623430517,5120.0
131.423097403,5120.0
132.222317411,5120.0
133.026059641,3993.6
133.826690086,3993.6
134.629025376,3993.6
135.434195304,4300.8
136.232069260,4300.8
137.035351994,3993.6
137.838872761,3993.6
138.639765930,3993.6
139.441304368,6348.8
140.243760177,5836.8
141.049419293,5836.8
141.853097056,5836.8
142.648037972,5836.8
143.450986428,3993.6
144.252556865,3993.6
145.051977620,3993.6
145.851292198,3993.6
146.656163595,3993.6
147.459798717,3584.0
148.266193722,3584.0
149.066522543,5017.6
149.867072967,5017.6
150.666294463,5017.6
151.471020467,6758.4
152.267750123,6758.4
153.071361732,6860.8
153.873165660,6860.8
154.674738986,6860.8
155.479448956,6656.0
156.279389628,6656.0
157.081468477,3993.6
157.879361120,3993.6
158.674861709,4300.8
159.481834203,4300.8
160.289022654,3788.8
161.092361836,3788.8
161.899009858,3788.8
162.704632950,3788.8
163.504025863,4096.0
164.306659709,4096.0
165.105564586,4915.2
165.903729352,4915.2
166.706476545,4915.2
167.515857300,2969.6
168.317219142,2969.6
169.118810395,2150.4
169.917980860,2150.4
170.718806532,2150.4
171.516727052,3481.6
172.322841797,3481.6
173.123466426,7372.8
173.927840959,7372.8
174.729930653,5222.4
175.533083866,5222.4
176.333763908,5222.4
177.134962197,3379.2
177.930160841,3379.2
178.729902236,3379.2
179.533026362,2969.6
180.336093353,2662.4
181.138614682,2662.4
181.939282329,2662.4
182.750360952,4096.0
183.555874504,4096.0
184.367367496,3276.8
185.173771342,3276.8
185.975046690,3276.8
186.779197371,3891.2
187.586801213,3891.2
188.388315751,4096.0
189.187057379,4096.0
189.991012567,4096.0
190.792137048,4505.6
191.593611251,4505.6
192.395913035,4505.6
193.197405108,4096.0
193.998736039,4096.0
194.803818929,7782.4
195.601137184,7782.4
196.401639591,7782.4
197.200198558,4300.8
197.998110895,4300.8
198.803335625,3072.0
199.605642226,3072.0
200.408739661,3072.0
201.206938584,4096.0
202.011232593,4096.0
202.814732581,4096.0
203.613862301,2969.6
204.413406074,2969.6
205.216561666,3584.0
206.018821531,3584.0
206.825695102,3584.0
207.631020512,4812.8
208.439097721,4812.8
209.243149807,4403.2
210.044104389,4300.8
210.847587548,4300.8
211.653621399,4300.8
212.453345668,4300.8
213.256707576,4608.0
214.059234371,4198.4
214.861538690,4198.4
215.664125547,4198.4
216.466290882,4198.4
217.269782581,1638.4
218.074874176,3276.8
218.872239688,3276.8
219.674701457,3276.8
220.477839477,5324.8
221.282956145,5324.8
222.085578608,5836.8
222.885821103,5836.8
223.687425224,5836.8
224.490670308,4505.6
225.291638596,4505.6
226.098174729,4505.6
226.898274628,4198.4
227.699986045,4198.4
228.504474130,4096.0
229.303287917,4096.0
230.107712837,3891.2
230.911218230,3891.2
231.712721220,3891.2
232.511211017,5529.6
233.309178540,5529.6
234.108133835,4710.4
234.908058728,4710.4
235.706365482,4710.4
236.512391655,4710.4
237.313247491,4198.4
238.117732183,5324.8
238.916127750,5324.8
239.718509597,5324.8
240.517909723,5836.8
241.319855519,5836.8
242.119390140,5017.6
242.918971287,5017.6
243.715273756,5017.6
244.515173628,5632.0
245.314421563,5632.0
246.113964934,5632.0
246.912373632,2150.4
247.717089822,2150.4
248.515185636,2150.4
249.315074848,5427.2
250.119314790,5427.2
250.928292784,4300.8
251.736783414,4300.8
252.541534035,4300.8
253.345035032,5222.4
254.151198111,5222.4
254.953203370,6963.2
255.757744415,6963.2
256.557703521,6963.2
257.358787296,1740.8
258.159404127,1740.8
258.959784632,3891.2
259.765119616,3891.2
260.564245029,3891.2
261.365847143,5632.0
262.169393044,5632.0
262.972807969,5120.0
263.774090414,5120.0
264.573286434,4403.2
265.373348004,4403.2
266.173910819,4403.2
266.975089185,1945.6
267.775981081,1945.6
268.579967555,5120.0
269.385109409,5120.0
270.183782112,4608.0
270.987156667,4608.0
271.786755249,4608.0
272.589137913,5017.6
273.398208646,5017.6
274.199179151,6348.8
275.005780073,6348.8
275.806472694,6348.8
276.606885269,6348.8
277.409251950,2252.8
278.214489686,5836.8
279.018236831,5836.8
279.819768647,5836.8
280.616554136,6041.6
281.421418660,6041.6
282.223262283,6041.6
283.023049326,4710.4
283.827377448,4710.4
284.625354367,5836.8
285.424596023,5836.8
286.232049402,5836.8
287.031733012,2662.4
287.833388363,2662.4
288.634587655,2662.4
289.437411073,4710.4
290.237857434,4710.4
291.035632087,6246.4
291.838069397,6246.4
292.641176573,6246.4
293.440650283,4812.8
294.246191762,4812.8
295.050773241,4915.2
295.855495797,4915.2
296.658940755,4915.2
297.456394321,3686.4
298.258988315,3686.4
299.060946141,5017.6
299.857950154,5017.6
300.661312754,5017.6
301.464868660,4710.4
302.273817731,4710.4
303.077208238,3276.8
303.878697930,3276.8
304.679764336,3276.8
305.481054246,3686.4
306.275168139,3686.4
307.082249035,3584.0
307.887128501,3584.0
308.688301648,3584.0
309.492041660,4608.0
310.291640560,4608.0
311.093257079,3584.0
311.900659284,3584.0
312.694614234,3584.0
313.499529503,4300.8
314.299211562,4300.8
315.097810530,5324.8
315.901412218,5324.8
316.701690823,5324.8
317.501530308,4812.8
318.302705816,4812.8
319.119689368,4915.2
319.923607235,4915.2
320.725181605,4915.2
321.526276323,5632.0
322.329265987,5632.0
323.138371408,6144.0
323.939953874,6144.0
324.739783838,6144.0
325.543586879,5427.2
326.347618943,5427.2
327.147663179,4608.0
327.946973784,4608.0
328.751836796,4608.0
329.559061106,6144.0
330.355234743,6144.0
331.159554050,6041.6
331.962376997,6041.6
332.763516893,6041.6
333.565918002,7884.8
334.370297346,7884.8
335.171986526,6246.4
335.972257697,6246.4
336.771276059,6246.4
337.575304233,384
338.378348035,384
339.177126805,5120.0
339.982641765,5120.0
340.784059140,5120.0
341.580479464,7065.6
342.385759762,7065.6
343.188320114,5017.6
343.989823818,5017.6
344.791482928,5017.6
345.594991181,3584.0
346.399263960,3584.0
347.203092413,2048.0
348.001273870,2048.0
348.804390361,2048.0
349.606658696,2048.0
350.407544748,2048.0
351.212670661,2048.0
352.011734524,2048.0
352.809714929,2048.0
353.611854672,2252.8
354.414067709,2252.8
355.214802941,2764.8
356.021510663,2764.8
356.827619700,2764.8
357.629221101,1536.0
358.429353145,1536.0
359.229305745,2355.2
360.032794278,2355.2
360.836050408,2355.2
361.634221401,3481.6
362.439238202,3481.6
363.238726640,4300.8
364.039497281,4300.8
364.839559111,4300.8
365.641337062,5120.0
366.438618918,5120.0
367.239294339,3584.0
368.049936070,3584.0
368.851006757,3584.0
369.651580964,5324.8
370.453765933,5324.8
371.252808319,4710.4
372.056514656,4710.4
372.857629452,4710.4
373.655979930,3686.4
374.458827875,3686.4
375.259365116,5836.8
376.067319831,5836.8
376.870641224,3174.4
377.675159259,3174.4
378.476625284,4096.0
379.283334181,4096.0
380.080815101,2150.4
380.884189871,2150.4
381.681531560,2150.4
382.479499276,2150.4
383.283394334,2150.4
384.098503115,3788.8
384.902881345,3788.8
385.711634672,3788.8
386.518973038,3788.8
387.324104615,3993.6
388.131099813,4915.2
388.932722536,4915.2
389.733432824,4915.2
390.535599514,3686.4
391.339582697,3686.4
392.143645464,5324.8
392.945580486,5324.8
393.746599615,5324.8
394.549461025,5939.2
395.351872531,5939.2
396.160191134,5939.2
396.963958088,4096.0
397.766556586,4096.0
398.565651693,3993.6
399.371279425,3993.6
400.175607212,6246.4
400.981663673,6246.4
401.783110269,6246.4
402.587787092,4198.4
403.386665147,4198.4
404.185589965,4198.4
404.983285843,5632.0
405.791497757,5632.0
406.593747926,5632.0
407.397063249,3584.0
408.195488417,3584.0
408.996812609,5120.0
409.798639143,5120.0
410.599767609,5120.0
411.403340670,5120.0
412.205725446,5120.0
413.003461243,3993.6
413.807069991,3993.6
414.606957648,3993.6
415.409508975,5632.0
416.211400123,5632.0
417.009097169,2662.4
417.810087904,2662.4
418.614990430,2662.4
419.415216324,3379.2
420.215826001,3379.2
421.016308342,3891.2
421.817232133,3891.2
422.619848583,3891.2
423.422236479,2764.8
424.222753172,2764.8
425.023912284,5120.0
425.824552895,5120.0
426.630633411,5120.0
427.429274596,4505.6
428.227402029,4505.6
429.030856483,2969.6
429.829508579,2969.6
430.638347390,6144.0
431.439729177,6144.0
432.239063912,6144.0
433.040004390,3993.6
433.838933844,3993.6
434.641606923,5836.8
435.441911614,5836.8
436.240565448,5836.8
437.042297595,4505.6
437.841269976,4505.6
438.637672087,4505.6
439.439355583,4505.6
440.239078018,4505.6
441.045779330,3072.0
441.857424651,3072.0
442.663480730,3072.0
443.461711974,2764.8
444.265699898,2764.8
445.062868182,5427.2
445.862573266,5427.2
446.660053852,5427.2
447.463291211,3174.4
448.266611523,3174.4
449.065065276,3584.0
449.870946311,3584.0
450.674843534,3481.6
451.474256819,3481.6
452.275392268,3481.6
453.077667073,2867.2
453.879024015,2867.2
454.681559667,2867.2
455.485745137,3072.0
456.287617794,3072.0
457.085983326,2662.4
457.883662992,2662.4
458.686856502,3174.4
459.485938718,3174.4
460.289561713,3174.4
461.092404324,3891.2
461.891206464,3891.2
462.692769227,2457.6
463.499005920,2457.6
464.301243811,2457.6
465.104979734,2560.0
465.906403305,2560.0
466.707134229,2560.0
467.510642556,2457.6
468.310365234,2457.6
469.111010900,3584.0
469.915231502,3584.0
470.712748594,3993.6
471.523348120,3993.6
472.331474179,3993.6
473.136546408,2764.8
473.942118017,2764.8
474.748417848,1945.6
475.547126203,1945.6
476.351411971,1945.6
477.153433397,2457.6
477.955576561,2457.6
478.759088825,2457.6
479.560603511,2764.8
480.361933356,2764.8
481.160574479,1945.6
481.966934453,1945.6
482.766184370,1536.0
483.564267575,1536.0
484.367561664,1536.0
485.167258248,706
485.968724004,706
486.771207087,706
487.569084937,1638.4
488.375372779,1638.4
489.178786500,1638.4
489.978294255,1638.4
490.778769898,1228.8
491.579805832,1228.8
492.379958263,1228.8
493.180930943,1843.2
493.987008368,1843.2
494.789896360,1433.6
495.593470430,1433.6
496.396646393,1433.6
497.197340415,2457.6
497.995697177,2457.6
498.801632085,2457.6
499.602319299,3891.2
500.401259762,3891.2
501.202897743,2867.2
502.003357350,2867.2
502.801920216,2867.2
503.605916418,2457.6
504.408707970,2457.6
505.210290664,3174.4
506.010656250,3174.4
506.813355277,3174.4
507.613343458,2764.8
508.412618054,2764.8
509.214130375,1126.4
510.011534531,1126.4
510.808018056,1126.4
511.610204889,2355.2
512.411317651,2355.2
513.210319961,3379.2
514.011140509,3379.2
514.809011005,3379.2
515.608188472,3276.8
516.410747479,3276.8
517.212908231,2560.0
518.013150254,2560.0
518.818330589,2560.0
519.618941850,2150.4
520.417515261,2150.4
521.221222009,1433.6
522.023635958,1433.6
522.827305270,1433.6
523.625886664,2560.0
524.428122535,2560.0
525.230490079,2457.6
526.031382909,2457.6
526.826424961,2457.6
527.655547696,2150.4
528.460852582,2150.4
529.267026820,3174.4
530.069962604,3174.4
530.874330087,3174.4
531.677971340,3891.2
532.483046945,3891.2
533.288445656,3686.4
534.092281766,3686.4
534.898357540,3686.4
535.700653865,2150.4
536.501803411,2150.4
537.305422387,2355.2
538.111993552,2355.2
538.910789777,2355.2
539.716795446,2969.6
540.521536214,2969.6
541.335636691,3276.8
542.147633988,3276.8
542.952440210,3276.8
543.759732954,3481.6
544.565338878,3481.6
545.364219108,1945.6
546.188933289,1945.6
546.997213330,1945.6
547.804063275,2252.8
548.607162278,2252.8
549.410156790,2252.8
550.215886793,2252.8
551.020403752,2252.8
551.851755268,2764.8
552.650919135,2764.8
553.444615821,3788.8
554.245269392,3788.8
555.048779218,3788.8
555.850934513,1008
556.645732744,1008
557.444336630,3072.0
558.242796959,3072.0
559.041568252,3072.0
559.842809445,3788.8
560.642454402,3788.8
561.441232171,3891.2
562.238358953,3891.2
563.038831309,3891.2
563.847448299,3174.4
564.652084726,3174.4
565.454440103,637
566.256885247,637
567.055904471,637
567.856046419,2048.0
568.656550499,2048.0
569.459488039,2969.6
570.260579333,2969.6
571.059740375,2969.6
571.861306246,1843.2
572.668092197,1843.2
573.472795468,2355.2
574.279269315,2355.2
575.079117041,2355.2
575.881644077,1843.2
576.682950883,1843.2
577.482376970,1945.6
578.285776049,1945.6
579.084534026,1945.6
579.886051982,2355.2
580.689430732,2355.2
581.491013891,1740.8
582.295533957,1740.8
583.095655162,1740.8
583.895894256,2355.2
584.699035802,2355.2
585.501002752,1433.6
586.303221099,1433.6
587.106351619,1433.6
587.904259457,411
588.702964834,411
589.504123121,2662.4
590.300847594,2662.4
591.102949113,2662.4
591.907760338,3276.8
592.703517984,3276.8
593.506095834,2662.4
594.306475683,2662.4
595.108792873,2662.4
595.910744545,1843.2
596.711601838,1843.2
597.515602620,1945.6
598.319067695,1945.6
599.119263574,1945.6
599.921812213,2867.2
600.722870331,2867.2
601.523195044,2355.2
602.323631789,2355.2
603.125099266,2355.2
603.925525175,3072.0
604.731283443,3072.0
605.534029916,2048.0
606.333652737,2048.0
607.135027888,2048.0
607.937605844,2867.2
608.740956835,2867.2
609.546058563,2048.0
610.346125614,2048.0
611.146558487,2048.0
611.948272013,1945.6
612.750668973,1945.6
613.551184303,2764.8
614.354452816,2764.8
615.155473396,2764.8
615.958820751,1228.8
616.757113381,1228.8
617.558775568,1638.4
618.359360966,1638.4
619.165336622,1638.4
619.967381403,974
620.765574076,974
621.564968568,1433.6
622.367174203,1433.6
623.169701215,1433.6
623.975524092,1018
624.773440959,1018
625.572413907,976
626.372252010,976
627.173124201,976
627.972616944,1007
628.771441721,1007
629.567710973,677
630.368243983,677
631.169851546,677
631.971953445,903
632.769899467,903
633.569382702,810
634.367915199,810
635.166012239,810
635.965002681,492
636.763511921,492
637.565416407,258
638.364547841,258
639.161258296,258
639.957687026,229
640.755914706,229
641.552659456,26
642.354006824,26
643.152783038,26
643.952091431,22
644.751348618,22
645.547947265,22
646.347695948,22
647.148201655,22
647.945416437,0
648.743086683,0
649.536745437,0
650.367409232,0
651.168716653,0
651.972823733,0
652.773083052,37
653.572267866,37
654.370056090,37
655.173217946,37
655.972159495,37
656.773454736,37
657.574256082,845
658.371554527,845
659.169394860,1024.0
659.971436547,1024.0
660.775465897,1024.0
661.578762051,1228.8
662.376244297,1228.8
663.174747318,1945.6
663.975086999,1945.6
664.775738374,1945.6
665.578379380,2969.6
666.382744571,2969.6
667.184087322,2969.6
667.985853600,2969.6
668.783459108,2969.6
669.582980387,3072.0
670.383532186,3072.0
671.181294872,1228.8
671.985578995,1228.8
672.786877323,1228.8
673.582147996,1331.2
674.384137124,1331.2
675.185718371,989
675.979754438,989
676.777934337,989
677.575410395,922
678.376980617,922
679.175302768,834
679.977527073,834
680.773221934,834
681.575710255,634
682.377331753,634
683.179437230,511
683.976334865,511
684.770671423,511
685.566208609,443
686.366818271,443
687.165011391,375
687.968239026,375
688.771671731,375
689.568193493,339
690.368483732,339
691.169899726,0
691.969098973,0
692.766000956,0
693.564191822,0
694.360408300,0
695.159037449,0
695.953099623,0
696.752000294,0
697.552258540,0
698.346873069,0
699.147369098,0
699.947647079,0
700.745832271,0
701.544118409,0
702.337841864,0
703.135234848,0
703.936372884,0
704.731917152,0
705.527211092,0
706.326948095,0
707.123497515,0
707.920459122,0
708.722032985,0
709.516071978,0
710.320485893,0
711.120067154,0
711.915904251,0
712.716918594,0
713.518254221,0
714.316194230,0
715.112292376,0
715.909188979,0
716.709662368,0
717.511798712,0
718.311781942,0
719.112117411,0
719.911739787,259
720.711178270,259
721.517003988,1126.4
722.322330402,1126.4
723.124790607,1126.4
723.925590383,1843.2
724.726535882,1843.2
725.528011929,1536.0
726.326886113,1536.0
727.126369327,1536.0
727.926655433,893
728.729398366,893
729.524119853,1638.4
730.327872656,1638.4
731.131158921,1638.4
731.928723403,1945.6
732.730191058,1945.6
733.531283018,1843.2
734.331237166,1843.2
735.131690356,1843.2
735.931576227,974
736.731879874,974
737.529444656,1433.6
738.330671030,1433.6
739.134478483,1433.6
739.938991188,869
740.732356773,869
741.534370271,822
742.336426404,822
743.132065858,822
743.933084628,652
744.735762255,652
745.530403410,190
746.327024485,190
747.126383355,190
747.925554419,182
748.725436756,182
749.523994143,152
750.327645011,152
751.124085893,152
751.923650240,134
752.725678189,134
753.524904272,126
754.320909083,126
755.120089711,126
755.921195949,126
756.723918124,126
757.522177941,0
758.324872493,0
759.124326260,0
759.923996314,0
760.721831042,0
761.521425710,0
762.324129263,0
763.126020263,0
763.924532139,0
764.723673634,0
765.523710540,0
766.322097220,0
767.116594728,0
